Workbook

Sheet بيان كهربة 54 (2)
A1: وزارة الاسكان والمرافق والمجتمعات العمرانية | V1: بيان أعمال كهرباء مستخلص جارى رقم (33 )
A2: هيئة المجتمعات العمرانية الجديدة | V2: الاعمال من بدء العمل حتى31 / 8 / 2025
K3: مشروع انشاء 54 عمارة- المرحلة الخامسة الحي ( 15 ) - اسكان اجتماعي مدينة العبور الجديدة
B4: جهاز مدينة العبور الجديدة | X4: مقاولة شركة المهندس / احمد سعد حسن للمقاولات المتكاملة
T5: بأمر اسناد رقم ( 66) بتاريخ 15/9/2022
A6: رقم البند | B6: بيــــــــــــــــان أعمال الكهـــــرباء | C6: الوحده | D6: كمية العمارة الواحدة بالمقاسة | E6: الموقف التنفيذي | F6: عدد العمارات | G6: ارقام العمــــــــــــــــــــــــارات | BI6: الاجمالي | BJ6: اجمالي العمارات
G7: 300 | H7: 301 | I7: 302 | J7: 303 | K7: 304 | L7: 305 | M7: 306 | N7: 307 | O7: 308 | P7: 309 | Q7: 310 | R7: 311 | S7: 312 | T7: 313 | U7: 314 | V7: 315 | W7: 316 | X7: 317 | Y7: 318 | Z7: 319 | AA7: 320 | AB7: 321 | AC7: 322 | AD7: 323 | AE7: 324 | AF7: 325 | AG7: 326 | AH7: 327 | AI7: 328 | AJ7: 329 | AK7: 330 | AL7: 331 | AM7: 332 | AN7: 333 | AO7: 334 | AP7: 335 | AQ7: 336 | AR7: 337 | AS7: 338 | AT7: 339 | AU7: 340 | AV7: 341 | AW7: 342 | AX7: 343 | AY7: 344 | AZ7: 345 | BA7: 346 | BB7: 347 | BC7: 348 | BD7: 349 | BE7: 350 | BF7: 351 | BG7: 352 | BH7: 353
A8: 1 | B8: بالعدد توريد وتركيب كوفريه عمومي من الصاج - 6 قواعد فيوز (الفيوز =250 أمبير ) | C8: بالعدد | D8: 1 | E8: صاج | F8: =(SUM(G8:BH8))/D8 -> 54 | G8: 1 | H8: 1 | I8: 1 | J8: 1 | K8: 1 | L8: 1 | M8: 1 | N8: 1 | O8: 1 | P8: 1 | Q8: 1 | R8: 1 | S8: 1 | T8: 1 | U8: 1 | V8: 1 | W8: 1 | X8: 1 | Y8: 1 | Z8: 1 | AA8: 1 | AB8: 1 | AC8: 1 | AD8: 1 | AE8: 1 | AF8: 1 | AG8: 1 | AH8: 1 | AI8: 1 | AJ8: 1 | AK8: 1 | AL8: 1 | AM8: 1 | AN8: 1 | AO8: 1 | AP8: 1 | AQ8: 1 | AR8: 1 | AS8: 1 | AT8: 1 | AU8: 1 | AV8: 1 | AW8: 1 | AX8: 1 | AY8: 1 | AZ8: 1 | BA8: 1 | BB8: 1 | BC8: 1 | BD8: 1 | BE8: 1 | BF8: 1 | BG8: 1 | BH8: 1 | BI8: =SUM(G8:BH8) -> 54
A9: 2 | B9: بالعدد توريد وتركيب صندوق توزيع بالادوار من الصاج بأبعاد 40*40سم وعمق 15 سم | C9: بالعدد | D9: 12 | E9: صاج | F9: =BI9/D9 -> 54 | G9: 12 | H9: 12 | I9: 12 | J9: 12 | K9: 12 | L9: 12 | M9: 12 | N9: 12 | O9: 12 | P9: 12 | Q9: 12 | R9: 12 | S9: 12 | T9: 12 | U9: 12 | V9: 12 | W9: 12 | X9: 12 | Y9: 12 | Z9: 12 | AA9: 12 | AB9: 12 | AC9: 12 | AD9: 12 | AE9: 12 | AF9: 12 | AG9: 12 | AH9: 12 | AI9: 12 | AJ9: 12 | AK9: 12 | AL9: 12 | AM9: 12 | AN9: 12 | AO9: 12 | AP9: 12 | AQ9: 12 | AR9: 12 | AS9: 12 | AT9: 12 | AU9: 12 | AV9: 12 | AW9: 12 | AX9: 12 | AY9: 12 | AZ9: 12 | BA9: 12 | BB9: 12 | BC9: 12 | BD9: 12 | BE9: 12 | BF9: 12 | BG9: 12 | BH9: 12 | BI9: =SUM(G9:BH9) -> 648 | BJ9: =#REF!/D9 -> #REF!
A10: 3 | B10: بالعدد توريد وتركيب كوفريه من الصاج لمداخل الشقق السكنيه | C10: بالعدد | D10: 24 | E10: صاج | F10: =BI10/D10 -> 0 | BI10: =SUM(G10:BH10) -> 0 | BJ10: =#REF!/D10 -> #REF!
E11: تشطيب | F11: =BI11/D10 -> 54 | G11: 24 | H11: 24 | I11: 24 | J11: 24 | K11: 24 | L11: 24 | M11: 24 | N11: 24 | O11: 24 | P11: 24 | Q11: 24 | R11: 24 | S11: 24 | T11: 24 | U11: 24 | V11: 24 | W11: 24 | X11: 24 | Y11: 24 | Z11: 24 | AA11: 24 | AB11: 24 | AC11: 24 | AD11: 24 | AE11: 24 | AF11: 24 | AG11: 24 | AH11: 24 | AI11: 24 | AJ11: 24 | AK11: 24 | AL11: 24 | AM11: 24 | AN11: 24 | AO11: 24 | AP11: 24 | AQ11: 24 | AR11: 24 | AS11: 24 | AT11: 24 | AU11: 24 | AV11: 24 | AW11: 24 | AX11: 24 | AY11: 24 | AZ11: 24 | BA11: 24 | BB11: 24 | BC11: 24 | BD11: 24 | BE11: 24 | BF11: 24 | BG11: 24 | BH11: 24 | BI11: =SUM(G11:BH11) -> 1296
A12: 4 | B12: بالعدد توريد وتركيب لوحه فرعيه للشقق | C12: بالعدد | D12: 24 | E12: صاج | F12: =BI12/D12 -> 0 | BI12: =SUM(G12:BH12) -> 0
E13: تشطيب | F13: =BI13/D12 -> 54 | G13: 24 | H13: 24 | I13: 24 | J13: 24 | K13: 24 | L13: 24 | M13: 24 | N13: 24 | O13: 24 | P13: 24 | Q13: 24 | R13: 24 | S13: 24 | T13: 24 | U13: 24 | V13: 24 | W13: 24 | X13: 24 | Y13: 24 | Z13: 24 | AA13: 24 | AB13: 24 | AC13: 24 | AD13: 24 | AE13: 24 | AF13: 24 | AG13: 24 | AH13: 24 | AI13: 24 | AJ13: 24 | AK13: 24 | AL13: 24 | AM13: 24 | AN13: 24 | AO13: 24 | AP13: 24 | AQ13: 24 | AR13: 24 | AS13: 24 | AT13: 24 | AU13: 24 | AV13: 24 | AW13: 24 | AX13: 24 | AY13: 24 | AZ13: 24 | BA13: 24 | BB13: 24 | BC13: 24 | BD13: 24 | BE13: 24 | BF13: 24 | BG13: 24 | BH13: 24 | BI13: =SUM(G13:BH13) -> 1296
A14: 5 | B14: بالعدد توريد وتركيب لوحه فرعيه للخدمات لاناره المداخل والسلالم | C14: بالعدد | D14: 1 | E14: صاج | F14: =BI14/D14 -> 0 | BI14: =SUM(G14:BH14) -> 0
E15: تشطيب | F15: =BI15/D14 -> 54 | G15: 1 | H15: 1 | I15: 1 | J15: 1 | K15: 1 | L15: 1 | M15: 1 | N15: 1 | O15: 1 | P15: 1 | Q15: 1 | R15: 1 | S15: 1 | T15: 1 | U15: 1 | V15: 1 | W15: 1 | X15: 1 | Y15: 1 | Z15: 1 | AA15: 1 | AB15: 1 | AC15: 1 | AD15: 1 | AE15: 1 | AF15: 1 | AG15: 1 | AH15: 1 | AI15: 1 | AJ15: 1 | AK15: 1 | AL15: 1 | AM15: 1 | AN15: 1 | AO15: 1 | AP15: 1 | AQ15: 1 | AR15: 1 | AS15: 1 | AT15: 1 | AU15: 1 | AV15: 1 | AW15: 1 | AX15: 1 | AY15: 1 | AZ15: 1 | BA15: 1 | BB15: 1 | BC15: 1 | BD15: 1 | BE15: 1 | BF15: 1 | BG15: 1 | BH15: 1 | BI15: =SUM(G15:BH15) -> 54
A16: 6 | B16: بالعدد توريد وتركيب لوحه عداد الشقه | C16: بالعدد | D16: 24 | E16: صاج | F16: =BI16/D16 -> 54 | G16: 24 | H16: 24 | I16: 24 | J16: 24 | K16: 24 | L16: 24 | M16: 24 | N16: 24 | O16: 24 | P16: 24 | Q16: 24 | R16: 24 | S16: 24 | T16: 24 | U16: 24 | V16: 24 | W16: 24 | X16: 24 | Y16: 24 | Z16: 24 | AA16: 24 | AB16: 24 | AC16: 24 | AD16: 24 | AE16: 24 | AF16: 24 | AG16: 24 | AH16: 24 | AI16: 24 | AJ16: 24 | AK16: 24 | AL16: 24 | AM16: 24 | AN16: 24 | AO16: 24 | AP16: 24 | AQ16: 24 | AR16: 24 | AS16: 24 | AT16: 24 | AU16: 24 | AV16: 24 | AW16: 24 | AX16: 24 | AY16: 24 | AZ16: 24 | BA16: 24 | BB16: 24 | BC16: 24 | BD16: 24 | BE16: 24 | BF16: 24 | BG16: 24 | BH16: 24 | BI16: =SUM(G16:BH16) -> 1296
A17: 7 | B17: بالمقطوعيه توريد وتركيب عدد 2 ماسوره بلاستيك قطر 29 بوصه ومسارها من لوحه الخدمات بالعماره وحتي سطح العماره | C17: مقط | D17: 1 | E17: صاج | F17: =(SUM(G17:BH17))/D17 -> 54 | G17: 1 | H17: 1 | I17: 1 | J17: 1 | K17: 1 | L17: 1 | M17: 1 | N17: 1 | O17: 1 | P17: 1 | Q17: 1 | R17: 1 | S17: 1 | T17: 1 | U17: 1 | V17: 1 | W17: 1 | X17: 1 | Y17: 1 | Z17: 1 | AA17: 1 | AB17: 1 | AC17: 1 | AD17: 1 | AE17: 1 | AF17: 1 | AG17: 1 | AH17: 1 | AI17: 1 | AJ17: 1 | AK17: 1 | AL17: 1 | AM17: 1 | AN17: 1 | AO17: 1 | AP17: 1 | AQ17: 1 | AR17: 1 | AS17: 1 | AT17: 1 | AU17: 1 | AV17: 1 | AW17: 1 | AX17: 1 | AY17: 1 | AZ17: 1 | BA17: 1 | BB17: 1 | BC17: 1 | BD17: 1 | BE17: 1 | BF17: 1 | BG17: 1 | BH17: 1 | BI17: =SUM(G17:BH17) -> 54
A18: 8 | B18: بالمتر الطولي توريد وتركيب العامود الصاعد 4 (1*50) + 1(1*35) | C18: م.ط | D18: 70 | E18: دق وتركيب | F18: 54 | G18: 58 | H18: 58 | I18: 58 | J18: 58 | K18: 58 | L18: 58 | M18: 58 | N18: 58 | O18: 58 | P18: 58 | Q18: 58 | R18: 58 | S18: 58 | T18: 58 | U18: 58 | V18: 58 | W18: 58 | X18: 58 | Y18: 58 | Z18: 58 | AA18: 58 | AB18: 58 | AC18: 58 | AD18: 58 | AE18: 58 | AF18: 58 | AG18: 58 | AH18: 58 | AI18: 58 | AJ18: 58 | AK18: 58 | AL18: 58 | AM18: 58 | AN18: 58 | AO18: 58 | AP18: 58 | AQ18: 58 | AR18: 58 | AS18: 58 | AT18: 58 | AU18: 58 | AV18: 58 | AW18: 58 | AX18: 58 | AY18: 58 | AZ18: 58 | BA18: 58 | BB18: 58 | BC18: 58 | BD18: 58 | BE18: 58 | BF18: 58 | BG18: 58 | BH18: 58 | BI18: =SUM(G18:BH18) -> 3132
A19: 9 | B19: توريد وتركيب خط تغذية الشقة ولوحة الخدمات من موصلات نحاس قطاع 2( 1 × 16 ) + ( 1 × 16 ) مم | C19: م.ط | D19: 192 | E19: دق وتركيب | F19: =BI19/192 -> 0 | BI19: =SUM(G19:BH19) -> 0
F20: =BI20/192 -> 54 | G20: 192 | H20: 192 | I20: 192 | J20: 192 | K20: 192 | L20: 192 | M20: 192 | N20: 192 | O20: 192 | P20: 192 | Q20: 192 | R20: 192 | S20: 192 | T20: 192 | U20: 192 | V20: 192 | W20: 192 | X20: 192 | Y20: 192 | Z20: 192 | AA20: 192 | AB20: 192 | AC20: 192 | AD20: 192 | AE20: 192 | AF20: 192 | AG20: 192 | AH20: 192 | AI20: 192 | AJ20: 192 | AK20: 192 | AL20: 192 | AM20: 192 | AN20: 192 | AO20: 192 | AP20: 192 | AQ20: 192 | AR20: 192 | AS20: 192 | AT20: 192 | AU20: 192 | AV20: 192 | AW20: 192 | AX20: 192 | AY20: 192 | AZ20: 192 | BA20: 192 | BB20: 192 | BC20: 192 | BD20: 192 | BE20: 192 | BF20: 192 | BG20: 192 | BH20: 192 | BI20: =SUM(G20:BH20) -> 10368
A21: 10 | B21: جلوب حوض غسيل ايدي وباب الشقه | C21: عدد | D21: 48 | E21: اكسسوار | F21: =(SUM(G21:BH21))/D21 -> 54 | G21: 48 | H21: 48 | I21: 48 | J21: 48 | K21: 48 | L21: 48 | M21: 48 | N21: 48 | O21: 48 | P21: 48 | Q21: 48 | R21: 48 | S21: 48 | T21: 48 | U21: 48 | V21: 48 | W21: 48 | X21: 48 | Y21: 48 | Z21: 48 | AA21: 48 | AB21: 48 | AC21: 48 | AD21: 48 | AE21: 48 | AF21: 48 | AG21: 48 | AH21: 48 | AI21: 48 | AJ21: 48 | AK21: 48 | AL21: 48 | AM21: 48 | AN21: 48 | AO21: 48 | AP21: 48 | AQ21: 48 | AR21: 48 | AS21: 48 | AT21: 48 | AU21: 48 | AV21: 48 | AW21: 48 | AX21: 48 | AY21: 48 | AZ21: 48 | BA21: 48 | BB21: 48 | BC21: 48 | BD21: 48 | BE21: 48 | BF21: 48 | BG21: 48 | BH21: 48 | BI21: =SUM(G21:BH21) -> 2592
A22: 11 | B22: توريد وتركيب مخرج إنارة بالسقف أو الحائط | C22: بالعدد | D22: 192 | E22: دق وتركيب | F22: =(SUM(G22:BH22))/D22 -> 0 | BI22: =SUM(G22:BH22) -> 0
E23: سلك | F23: =(SUM(G23:BH23))/D22 -> 54 | G23: 192 | H23: 192 | I23: 192 | J23: 192 | K23: 192 | L23: 192 | M23: 192 | N23: 192 | O23: 192 | P23: 192 | Q23: 192 | R23: 192 | S23: 192 | T23: 192 | U23: 192 | V23: 192 | W23: 192 | X23: 192 | Y23: 192 | Z23: 192 | AA23: 192 | AB23: 192 | AC23: 192 | AD23: 192 | AE23: 192 | AF23: 192 | AG23: 192 | AH23: 192 | AI23: 192 | AJ23: 192 | AK23: 192 | AL23: 192 | AM23: 192 | AN23: 192 | AO23: 192 | AP23: 192 | AQ23: 192 | AR23: 192 | AS23: 192 | AT23: 192 | AU23: 192 | AV23: 192 | AW23: 192 | AX23: 192 | AY23: 192 | AZ23: 192 | BA23: 192 | BB23: 192 | BC23: 192 | BD23: 192 | BE23: 192 | BF23: 192 | BG23: 192 | BH23: 192 | BI23: =SUM(G23:BH23) -> 10368 | BK23: =#REF!-BI24 -> #REF! | BL23: =BI24 -> 0
A24: 12 | B24: توريد وتركيب مخرج نجفه | C24: بالعدد | D24: 120 | E24: دق وتركيب | F24: =(SUM(G24:BH24))/D24 -> 0 | BI24: =SUM(G24:BH24) -> 0
E25: سلك | F25: =(SUM(G25:BH25))/D24 -> 54 | G25: 120 | H25: 120 | I25: 120 | J25: 120 | K25: 120 | L25: 120 | M25: 120 | N25: 120 | O25: 120 | P25: 120 | Q25: 120 | R25: 120 | S25: 120 | T25: 120 | U25: 120 | V25: 120 | W25: 120 | X25: 120 | Y25: 120 | Z25: 120 | AA25: 120 | AB25: 120 | AC25: 120 | AD25: 120 | AE25: 120 | AF25: 120 | AG25: 120 | AH25: 120 | AI25: 120 | AJ25: 120 | AK25: 120 | AL25: 120 | AM25: 120 | AN25: 120 | AO25: 120 | AP25: 120 | AQ25: 120 | AR25: 120 | AS25: 120 | AT25: 120 | AU25: 120 | AV25: 120 | AW25: 120 | AX25: 120 | AY25: 120 | AZ25: 120 | BA25: 120 | BB25: 120 | BC25: 120 | BD25: 120 | BE25: 120 | BF25: 120 | BG25: 120 | BH25: 120 | BI25: =SUM(G25:BH25) -> 6480 | BK25: =#REF!-BI26 -> #REF! | BL25: =SUM(G26:BH26) -> 0
A26: 13 | B26: توريد وتركيب مخرج اناره للمدخل او السلم | C26: بالعدد | D26: 17 | E26: دق وتركيب | F26: =(SUM(G26:BH26))/D26 -> 0 | BI26: =SUM(G26:BH26) -> 0 | BL26: =BI28 -> 0
E27: سلك | F27: =(SUM(G27:BH27))/D26 -> 54 | G27: 17 | H27: 17 | I27: 17 | J27: 17 | K27: 17 | L27: 17 | M27: 17 | N27: 17 | O27: 17 | P27: 17 | Q27: 17 | R27: 17 | S27: 17 | T27: 17 | U27: 17 | V27: 17 | W27: 17 | X27: 17 | Y27: 17 | Z27: 17 | AA27: 17 | AB27: 17 | AC27: 17 | AD27: 17 | AE27: 17 | AF27: 17 | AG27: 17 | AH27: 17 | AI27: 17 | AJ27: 17 | AK27: 17 | AL27: 17 | AM27: 17 | AN27: 17 | AO27: 17 | AP27: 17 | AQ27: 17 | AR27: 17 | AS27: 17 | AT27: 17 | AU27: 17 | AV27: 17 | AW27: 17 | AX27: 17 | AY27: 17 | AZ27: 17 | BA27: 17 | BB27: 17 | BC27: 17 | BD27: 17 | BE27: 17 | BF27: 17 | BG27: 17 | BH27: 17 | BI27: =SUM(G27:BH27) -> 918 | BK27: =#REF!-BI28 -> #REF!
A28: 15 | B28: توريد وتركيب مخرج إنارة لمدخل العمارة ( أسقف أرضي ) | C28: بالعدد | D28: 2 | E28: دق وتركيب | F28: =(SUM(G28:BH28))/D28 -> 0 | BI28: =SUM(G28:BH28) -> 0
E29: سلك | F29: =(SUM(G29:BH29))/D28 -> 54 | G29: 2 | H29: 2 | I29: 2 | J29: 2 | K29: 2 | L29: 2 | M29: 2 | N29: 2 | O29: 2 | P29: 2 | Q29: 2 | R29: 2 | S29: 2 | T29: 2 | U29: 2 | V29: 2 | W29: 2 | X29: 2 | Y29: 2 | Z29: 2 | AA29: 2 | AB29: 2 | AC29: 2 | AD29: 2 | AE29: 2 | AF29: 2 | AG29: 2 | AH29: 2 | AI29: 2 | AJ29: 2 | AK29: 2 | AL29: 2 | AM29: 2 | AN29: 2 | AO29: 2 | AP29: 2 | AQ29: 2 | AR29: 2 | AS29: 2 | AT29: 2 | AU29: 2 | AV29: 2 | AW29: 2 | AX29: 2 | AY29: 2 | AZ29: 2 | BA29: 2 | BB29: 2 | BC29: 2 | BD29: 2 | BE29: 2 | BF29: 2 | BG29: 2 | BH29: 2 | BI29: =SUM(G29:BH29) -> 108 | BK29: =#REF!-BI30 -> #REF! | BL29: =BI30 -> 0
A30: 16 | B30: توريد وتركيب مخرج جرس | C30: بالعدد | D30: 24 | E30: دق وتركيب | F30: =(SUM(G30:BH30))/D30 -> 0 | BI30: =SUM(G30:BH30) -> 0
E31: سلك | F31: =(SUM(G31:BH31))/D30 -> 54 | G31: 24 | H31: 24 | I31: 24 | J31: 24 | K31: 24 | L31: 24 | M31: 24 | N31: 24 | O31: 24 | P31: 24 | Q31: 24 | R31: 24 | S31: 24 | T31: 24 | U31: 24 | V31: 24 | W31: 24 | X31: 24 | Y31: 24 | Z31: 24 | AA31: 24 | AB31: 24 | AC31: 24 | AD31: 24 | AE31: 24 | AF31: 24 | AG31: 24 | AH31: 24 | AI31: 24 | AJ31: 24 | AK31: 24 | AL31: 24 | AM31: 24 | AN31: 24 | AO31: 24 | AP31: 24 | AQ31: 24 | AR31: 24 | AS31: 24 | AT31: 24 | AU31: 24 | AV31: 24 | AW31: 24 | AX31: 24 | AY31: 24 | AZ31: 24 | BA31: 24 | BB31: 24 | BC31: 24 | BD31: 24 | BE31: 24 | BF31: 24 | BG31: 24 | BH31: 24 | BI31: =SUM(G31:BH31) -> 1296 | BK31: =#REF!-BI32 -> #REF! | BL31: =BI32 -> 0
A32: 17 | B32: توريد وتركيب مخرج بريزة عادية | C32: بالعدد | D32: 384 | E32: دق وتركيب | F32: =(SUM(G32:BH32))/480 -> 0 | BI32: =SUM(G32:BH32) -> 0
E33: سلك | F33: =SUM(G33:BH33)/480 -> 54 | G33: 480 | H33: 480 | I33: 480 | J33: 480 | K33: 480 | L33: 480 | M33: 480 | N33: 480 | O33: 480 | P33: 480 | Q33: 480 | R33: 480 | S33: 480 | T33: 480 | U33: 480 | V33: 480 | W33: 480 | X33: 480 | Y33: 480 | Z33: 480 | AA33: 480 | AB33: 480 | AC33: 480 | AD33: 480 | AE33: 480 | AF33: 480 | AG33: 480 | AH33: 480 | AI33: 480 | AJ33: 480 | AK33: 480 | AL33: 480 | AM33: 480 | AN33: 480 | AO33: 480 | AP33: 480 | AQ33: 480 | AR33: 480 | AS33: 480 | AT33: 480 | AU33: 480 | AV33: 480 | AW33: 480 | AX33: 480 | AY33: 480 | AZ33: 480 | BA33: 480 | BB33: 480 | BC33: 480 | BD33: 480 | BE33: 480 | BF33: 480 | BG33: 480 | BH33: 480 | BI33: =SUM(G33:BH33) -> 25920 | BK33: =#REF!-BI34 -> #REF! | BL33: =SUM(G34:BH34) -> 0
A34: 18 | B34: توريد وتركيب مخرج بريزة قوى | C34: بالعدد | D34: 48 | E34: دق وتركيب | F34: =(SUM(G34:BH34))/D34 -> 0 | BI34: =SUM(G34:BH34) -> 0
E35: سلك | F35: =(SUM(G35:BH35))/D34 -> 54 | G35: 48 | H35: 48 | I35: 48 | J35: 48 | K35: 48 | L35: 48 | M35: 48 | N35: 48 | O35: 48 | P35: 48 | Q35: 48 | R35: 48 | S35: 48 | T35: 48 | U35: 48 | V35: 48 | W35: 48 | X35: 48 | Y35: 48 | Z35: 48 | AA35: 48 | AB35: 48 | AC35: 48 | AD35: 48 | AE35: 48 | AF35: 48 | AG35: 48 | AH35: 48 | AI35: 48 | AJ35: 48 | AK35: 48 | AL35: 48 | AM35: 48 | AN35: 48 | AO35: 48 | AP35: 48 | AQ35: 48 | AR35: 48 | AS35: 48 | AT35: 48 | AU35: 48 | AV35: 48 | AW35: 48 | AX35: 48 | AY35: 48 | AZ35: 48 | BA35: 48 | BB35: 48 | BC35: 48 | BD35: 48 | BE35: 48 | BF35: 48 | BG35: 48 | BH35: 48 | BI35: =SUM(G35:BH35) -> 2592 | BK35: =#REF!-BI36 -> #REF! | BL35: =SUM(G36:BH36) -> 0
A36: 19 | B36: توريد وتركيب مخرج تكييف ) | C36: بالعدد | D36: 24 | E36: خراطيم | F36: =(SUM(G36:BH36))/D36 -> 0 | BI36: =SUM(G36:BH36) -> 0
E37: دق وتركيب + خراطيم | F37: =(SUM(G37:BH37))/D36 -> 54 | G37: 24 | H37: 24 | I37: 24 | J37: 24 | K37: 24 | L37: 24 | M37: 24 | N37: 24 | O37: 24 | P37: 24 | Q37: 24 | R37: 24 | S37: 24 | T37: 24 | U37: 24 | V37: 24 | W37: 24 | X37: 24 | Y37: 24 | Z37: 24 | AA37: 24 | AB37: 24 | AC37: 24 | AD37: 24 | AE37: 24 | AF37: 24 | AG37: 24 | AH37: 24 | AI37: 24 | AJ37: 24 | AK37: 24 | AL37: 24 | AM37: 24 | AN37: 24 | AO37: 24 | AP37: 24 | AQ37: 24 | AR37: 24 | AS37: 24 | AT37: 24 | AU37: 24 | AV37: 24 | AW37: 24 | AX37: 24 | AY37: 24 | AZ37: 24 | BA37: 24 | BB37: 24 | BC37: 24 | BD37: 24 | BE37: 24 | BF37: 24 | BG37: 24 | BH37: 24 | BI37: =SUM(G37:BH37) -> 1296
A38: 20 | B38: بالعدد توريد وتركيب مفتاح اناره داخل الحائط (سكه واحده) | C38: بالعدد | D38: 72 | E38: تشطيب | F38: =(SUM(G38:BH38))/D38 -> 54 | G38: 72 | H38: 72 | I38: 72 | J38: 72 | K38: 72 | L38: 72 | M38: 72 | N38: 72 | O38: 72 | P38: 72 | Q38: 72 | R38: 72 | S38: 72 | T38: 72 | U38: 72 | V38: 72 | W38: 72 | X38: 72 | Y38: 72 | Z38: 72 | AA38: 72 | AB38: 72 | AC38: 72 | AD38: 72 | AE38: 72 | AF38: 72 | AG38: 72 | AH38: 72 | AI38: 72 | AJ38: 72 | AK38: 72 | AL38: 72 | AM38: 72 | AN38: 72 | AO38: 72 | AP38: 72 | AQ38: 72 | AR38: 72 | AS38: 72 | AT38: 72 | AU38: 72 | AV38: 72 | AW38: 72 | AX38: 72 | AY38: 72 | AZ38: 72 | BA38: 72 | BB38: 72 | BC38: 72 | BD38: 72 | BE38: 72 | BF38: 72 | BG38: 72 | BH38: 72 | BI38: =SUM(G38:BH38) -> 3888
A39: 21 | B39: بالعدد توريد وتركيب مفتاح اناره داخل الحائط ( سكتين ) | C39: بالعدد | D39: 120 | E39: تشطيب | F39: =(SUM(G39:BH39))/D39 -> 54 | G39: 120 | H39: 120 | I39: 120 | J39: 120 | K39: 120 | L39: 120 | M39: 120 | N39: 120 | O39: 120 | P39: 120 | Q39: 120 | R39: 120 | S39: 120 | T39: 120 | U39: 120 | V39: 120 | W39: 120 | X39: 120 | Y39: 120 | Z39: 120 | AA39: 120 | AB39: 120 | AC39: 120 | AD39: 120 | AE39: 120 | AF39: 120 | AG39: 120 | AH39: 120 | AI39: 120 | AJ39: 120 | AK39: 120 | AL39: 120 | AM39: 120 | AN39: 120 | AO39: 120 | AP39: 120 | AQ39: 120 | AR39: 120 | AS39: 120 | AT39: 120 | AU39: 120 | AV39: 120 | AW39: 120 | AX39: 120 | AY39: 120 | AZ39: 120 | BA39: 120 | BB39: 120 | BC39: 120 | BD39: 120 | BE39: 120 | BF39: 120 | BG39: 120 | BH39: 120 | BI39: =SUM(G39:BH39) -> 6480
A40: 22 | B40: بالعدد توريد وتركيب مفتاح اناره داخل الحائط ( ثلاثه سكه) | C40: بالعدد | D40: 24 | E40: تشطيب | F40: =(SUM(G40:BH40))/D40 -> 54 | G40: 24 | H40: 24 | I40: 24 | J40: 24 | K40: 24 | L40: 24 | M40: 24 | N40: 24 | O40: 24 | P40: 24 | Q40: 24 | R40: 24 | S40: 24 | T40: 24 | U40: 24 | V40: 24 | W40: 24 | X40: 24 | Y40: 24 | Z40: 24 | AA40: 24 | AB40: 24 | AC40: 24 | AD40: 24 | AE40: 24 | AF40: 24 | AG40: 24 | AH40: 24 | AI40: 24 | AJ40: 24 | AK40: 24 | AL40: 24 | AM40: 24 | AN40: 24 | AO40: 24 | AP40: 24 | AQ40: 24 | AR40: 24 | AS40: 24 | AT40: 24 | AU40: 24 | AV40: 24 | AW40: 24 | AX40: 24 | AY40: 24 | AZ40: 24 | BA40: 24 | BB40: 24 | BC40: 24 | BD40: 24 | BE40: 24 | BF40: 24 | BG40: 24 | BH40: 24 | BI40: =SUM(G40:BH40) -> 1296
A41: 23 | B41: بالعدد توريد وتركيب مفتاح اناره داخل الحائط ( ديفياتير ) | C41: بالعدد | D41: 48 | E41: تشطيب | F41: =(SUM(G41:BH41))/D41 -> 54 | G41: 48 | H41: 48 | I41: 48 | J41: 48 | K41: 48 | L41: 48 | M41: 48 | N41: 48 | O41: 48 | P41: 48 | Q41: 48 | R41: 48 | S41: 48 | T41: 48 | U41: 48 | V41: 48 | W41: 48 | X41: 48 | Y41: 48 | Z41: 48 | AA41: 48 | AB41: 48 | AC41: 48 | AD41: 48 | AE41: 48 | AF41: 48 | AG41: 48 | AH41: 48 | AI41: 48 | AJ41: 48 | AK41: 48 | AL41: 48 | AM41: 48 | AN41: 48 | AO41: 48 | AP41: 48 | AQ41: 48 | AR41: 48 | AS41: 48 | AT41: 48 | AU41: 48 | AV41: 48 | AW41: 48 | AX41: 48 | AY41: 48 | AZ41: 48 | BA41: 48 | BB41: 48 | BC41: 48 | BD41: 48 | BE41: 48 | BF41: 48 | BG41: 48 | BH41: 48 | BI41: =SUM(G41:BH41) -> 2592
A42: 24 | B42: بالعدد توريد وتركيب مفتاح جرس داخل الحائط | C42: بالعدد | D42: 30 | E42: تشطيب | F42: =(SUM(G42:BH42))/D42 -> 54 | G42: 30 | H42: 30 | I42: 30 | J42: 30 | K42: 30 | L42: 30 | M42: 30 | N42: 30 | O42: 30 | P42: 30 | Q42: 30 | R42: 30 | S42: 30 | T42: 30 | U42: 30 | V42: 30 | W42: 30 | X42: 30 | Y42: 30 | Z42: 30 | AA42: 30 | AB42: 30 | AC42: 30 | AD42: 30 | AE42: 30 | AF42: 30 | AG42: 30 | AH42: 30 | AI42: 30 | AJ42: 30 | AK42: 30 | AL42: 30 | AM42: 30 | AN42: 30 | AO42: 30 | AP42: 30 | AQ42: 30 | AR42: 30 | AS42: 30 | AT42: 30 | AU42: 30 | AV42: 30 | AW42: 30 | AX42: 30 | AY42: 30 | AZ42: 30 | BA42: 30 | BB42: 30 | BC42: 30 | BD42: 30 | BE42: 30 | BF42: 30 | BG42: 30 | BH42: 30 | BI42: =SUM(G42:BH42) -> 1620
A43: 25 | B43: بالعدد توريد وتركيب مأخذ كهربائي احادي الوجه سعه 10 امبير | C43: بالعدد | D43: 336 | E43: تشطيب | F43: =(SUM(G43:BH43))/420 -> 54 | G43: 420 | H43: 420 | I43: 420 | J43: 420 | K43: 420 | L43: 420 | M43: 420 | N43: 420 | O43: 420 | P43: 420 | Q43: 420 | R43: 420 | S43: 420 | T43: 420 | U43: 420 | V43: 420 | W43: 420 | X43: 420 | Y43: 420 | Z43: 420 | AA43: 420 | AB43: 420 | AC43: 420 | AD43: 420 | AE43: 420 | AF43: 420 | AG43: 420 | AH43: 420 | AI43: 420 | AJ43: 420 | AK43: 420 | AL43: 420 | AM43: 420 | AN43: 420 | AO43: 420 | AP43: 420 | AQ43: 420 | AR43: 420 | AS43: 420 | AT43: 420 | AU43: 420 | AV43: 420 | AW43: 420 | AX43: 420 | AY43: 420 | AZ43: 420 | BA43: 420 | BB43: 420 | BC43: 420 | BD43: 420 | BE43: 420 | BF43: 420 | BG43: 420 | BH43: 420 | BI43: =SUM(G43:BH43) -> 22680
A44: 26 | B44: بالعدد توريد وتركيب مأخذ كهربائي احادي الوجه سعه 10 امبير ووتر بروف | C44: بالعدد | D44: 48 | E44: تشطيب | F44: =(SUM(G44:BH44))/D44 -> 54 | G44: 48 | H44: 48 | I44: 48 | J44: 48 | K44: 48 | L44: 48 | M44: 48 | N44: 48 | O44: 48 | P44: 48 | Q44: 48 | R44: 48 | S44: 48 | T44: 48 | U44: 48 | V44: 48 | W44: 48 | X44: 48 | Y44: 48 | Z44: 48 | AA44: 48 | AB44: 48 | AC44: 48 | AD44: 48 | AE44: 48 | AF44: 48 | AG44: 48 | AH44: 48 | AI44: 48 | AJ44: 48 | AK44: 48 | AL44: 48 | AM44: 48 | AN44: 48 | AO44: 48 | AP44: 48 | AQ44: 48 | AR44: 48 | AS44: 48 | AT44: 48 | AU44: 48 | AV44: 48 | AW44: 48 | AX44: 48 | AY44: 48 | AZ44: 48 | BA44: 48 | BB44: 48 | BC44: 48 | BD44: 48 | BE44: 48 | BF44: 48 | BG44: 48 | BH44: 48 | BI44: =SUM(G44:BH44) -> 2592
A45: 27 | B45: بالعدد توريد وتركيب مأخذ كهربائي احادي الوجه للقوي سعه 16 امبير | C45: بالعدد | D45: 48 | E45: تشطيب | F45: =(SUM(G45:BH45))/D45 -> 54 | G45: 48 | H45: 48 | I45: 48 | J45: 48 | K45: 48 | L45: 48 | M45: 48 | N45: 48 | O45: 48 | P45: 48 | Q45: 48 | R45: 48 | S45: 48 | T45: 48 | U45: 48 | V45: 48 | W45: 48 | X45: 48 | Y45: 48 | Z45: 48 | AA45: 48 | AB45: 48 | AC45: 48 | AD45: 48 | AE45: 48 | AF45: 48 | AG45: 48 | AH45: 48 | AI45: 48 | AJ45: 48 | AK45: 48 | AL45: 48 | AM45: 48 | AN45: 48 | AO45: 48 | AP45: 48 | AQ45: 48 | AR45: 48 | AS45: 48 | AT45: 48 | AU45: 48 | AV45: 48 | AW45: 48 | AX45: 48 | AY45: 48 | AZ45: 48 | BA45: 48 | BB45: 48 | BC45: 48 | BD45: 48 | BE45: 48 | BF45: 48 | BG45: 48 | BH45: 48 | BI45: =SUM(G45:BH45) -> 2592
A46: 28 | B46: بالعدد توريد وتركيب مفتاح للتكييف | C46: بالعدد | D46: 24 | E46: تشطيب | F46: =(SUM(G46:BH46))/30 -> 54 | G46: 30 | H46: 30 | I46: 30 | J46: 30 | K46: 30 | L46: 30 | M46: 30 | N46: 30 | O46: 30 | P46: 30 | Q46: 30 | R46: 30 | S46: 30 | T46: 30 | U46: 30 | V46: 30 | W46: 30 | X46: 30 | Y46: 30 | Z46: 30 | AA46: 30 | AB46: 30 | AC46: 30 | AD46: 30 | AE46: 30 | AF46: 30 | AG46: 30 | AH46: 30 | AI46: 30 | AJ46: 30 | AK46: 30 | AL46: 30 | AM46: 30 | AN46: 30 | AO46: 30 | AP46: 30 | AQ46: 30 | AR46: 30 | AS46: 30 | AT46: 30 | AU46: 30 | AV46: 30 | AW46: 30 | AX46: 30 | AY46: 30 | AZ46: 30 | BA46: 30 | BB46: 30 | BC46: 30 | BD46: 30 | BE46: 30 | BF46: 30 | BG46: 30 | BH46: 30 | BI46: =SUM(G46:BH46) -> 1620
A47: 29 | B47: توريد وتركيب وحده اضاءه جلوب 25*25 | C47: بالعدد | D47: 41 | E47: تشطيب | F47: =(SUM(G47:BH47))/D47 -> 54 | G47: 41 | H47: 41 | I47: 41 | J47: 41 | K47: 41 | L47: 41 | M47: 41 | N47: 41 | O47: 41 | P47: 41 | Q47: 41 | R47: 41 | S47: 41 | T47: 41 | U47: 41 | V47: 41 | W47: 41 | X47: 41 | Y47: 41 | Z47: 41 | AA47: 41 | AB47: 41 | AC47: 41 | AD47: 41 | AE47: 41 | AF47: 41 | AG47: 41 | AH47: 41 | AI47: 41 | AJ47: 41 | AK47: 41 | AL47: 41 | AM47: 41 | AN47: 41 | AO47: 41 | AP47: 41 | AQ47: 41 | AR47: 41 | AS47: 41 | AT47: 41 | AU47: 41 | AV47: 41 | AW47: 41 | AX47: 41 | AY47: 41 | AZ47: 41 | BA47: 41 | BB47: 41 | BC47: 41 | BD47: 41 | BE47: 41 | BF47: 41 | BG47: 41 | BH47: 41 | BI47: =SUM(G47:BH47) -> 2214
A48: 30 | B48: توريد وتركيب وحده اضاءه جلوب لاناره المدخل | C48: بالعدد | D48: 2 | E48: تشطيب | F48: =(SUM(G48:BH48))/D48 -> 54 | G48: 2 | H48: 2 | I48: 2 | J48: 2 | K48: 2 | L48: 2 | M48: 2 | N48: 2 | O48: 2 | P48: 2 | Q48: 2 | R48: 2 | S48: 2 | T48: 2 | U48: 2 | V48: 2 | W48: 2 | X48: 2 | Y48: 2 | Z48: 2 | AA48: 2 | AB48: 2 | AC48: 2 | AD48: 2 | AE48: 2 | AF48: 2 | AG48: 2 | AH48: 2 | AI48: 2 | AJ48: 2 | AK48: 2 | AL48: 2 | AM48: 2 | AN48: 2 | AO48: 2 | AP48: 2 | AQ48: 2 | AR48: 2 | AS48: 2 | AT48: 2 | AU48: 2 | AV48: 2 | AW48: 2 | AX48: 2 | AY48: 2 | AZ48: 2 | BA48: 2 | BB48: 2 | BC48: 2 | BD48: 2 | BE48: 2 | BF48: 2 | BG48: 2 | BH48: 2 | BI48: =SUM(G48:BH48) -> 108
A49: 31 | B49: توريد وتركيب جرس بيانو | C49: بالعدد | D49: 24 | E49: تشطيب | F49: =(SUM(G49:BH49))/D49 -> 54 | G49: 24 | H49: 24 | I49: 24 | J49: 24 | K49: 24 | L49: 24 | M49: 24 | N49: 24 | O49: 24 | P49: 24 | Q49: 24 | R49: 24 | S49: 24 | T49: 24 | U49: 24 | V49: 24 | W49: 24 | X49: 24 | Y49: 24 | Z49: 24 | AA49: 24 | AB49: 24 | AC49: 24 | AD49: 24 | AE49: 24 | AF49: 24 | AG49: 24 | AH49: 24 | AI49: 24 | AJ49: 24 | AK49: 24 | AL49: 24 | AM49: 24 | AN49: 24 | AO49: 24 | AP49: 24 | AQ49: 24 | AR49: 24 | AS49: 24 | AT49: 24 | AU49: 24 | AV49: 24 | AW49: 24 | AX49: 24 | AY49: 24 | AZ49: 24 | BA49: 24 | BB49: 24 | BC49: 24 | BD49: 24 | BE49: 24 | BF49: 24 | BG49: 24 | BH49: 24 | BI49: =SUM(G49:BH49) -> 1296
A50: 32 | B50: دائره تليفون كامله | C50: بالعدد | D50: 1 | E50: خراطيم | F50: =(SUM(G50:BH50))/D50 -> 54 | G50: 1 | H50: 1 | I50: 1 | J50: 1 | K50: 1 | L50: 1 | M50: 1 | N50: 1 | O50: 1 | P50: 1 | Q50: 1 | R50: 1 | S50: 1 | T50: 1 | U50: 1 | V50: 1 | W50: 1 | X50: 1 | Y50: 1 | Z50: 1 | AA50: 1 | AB50: 1 | AC50: 1 | AD50: 1 | AE50: 1 | AF50: 1 | AG50: 1 | AH50: 1 | AI50: 1 | AJ50: 1 | AK50: 1 | AL50: 1 | AM50: 1 | AN50: 1 | AO50: 1 | AP50: 1 | AQ50: 1 | AR50: 1 | AS50: 1 | AT50: 1 | AU50: 1 | AV50: 1 | AW50: 1 | AX50: 1 | AY50: 1 | AZ50: 1 | BA50: 1 | BB50: 1 | BC50: 1 | BD50: 1 | BE50: 1 | BF50: 1 | BG50: 1 | BH50: 1 | BI50: =SUM(G50:BH50) -> 54
E51: دق وتركيب | F51: =(SUM(G51:BH51))/D50 -> 54 | G51: 1 | H51: 1 | I51: 1 | J51: 1 | K51: 1 | L51: 1 | M51: 1 | N51: 1 | O51: 1 | P51: 1 | Q51: 1 | R51: 1 | S51: 1 | T51: 1 | U51: 1 | V51: 1 | W51: 1 | X51: 1 | Y51: 1 | Z51: 1 | AA51: 1 | AB51: 1 | AC51: 1 | AD51: 1 | AE51: 1 | AF51: 1 | AG51: 1 | AH51: 1 | AI51: 1 | AJ51: 1 | AK51: 1 | AL51: 1 | AM51: 1 | AN51: 1 | AO51: 1 | AP51: 1 | AQ51: 1 | AR51: 1 | AS51: 1 | AT51: 1 | AU51: 1 | AV51: 1 | AW51: 1 | AX51: 1 | AY51: 1 | AZ51: 1 | BA51: 1 | BB51: 1 | BC51: 1 | BD51: 1 | BE51: 1 | BF51: 1 | BG51: 1 | BH51: 1 | BI51: =SUM(G51:BH51) -> 54
A52: 33 | B52: دائره مخرج تلفزيون | C52: بالعدد | D52: 24 | E52: خراطييم + دق | F52: =(SUM(G52:BH52))/24 -> 0 | BI52: =SUM(G52:BH52) -> 0
E53: سلك | F53: =(SUM(G53:BH53))/D52 -> 54 | G53: 24 | H53: 24 | I53: 24 | J53: 24 | K53: 24 | L53: 24 | M53: 24 | N53: 24 | O53: 24 | P53: 24 | Q53: 24 | R53: 24 | S53: 24 | T53: 24 | U53: 24 | V53: 24 | W53: 24 | X53: 24 | Y53: 24 | Z53: 24 | AA53: 24 | AB53: 24 | AC53: 24 | AD53: 24 | AE53: 24 | AF53: 24 | AG53: 24 | AH53: 24 | AI53: 24 | AJ53: 24 | AK53: 24 | AL53: 24 | AM53: 24 | AN53: 24 | AO53: 24 | AP53: 24 | AQ53: 24 | AR53: 24 | AS53: 24 | AT53: 24 | AU53: 24 | AV53: 24 | AW53: 24 | AX53: 24 | AY53: 24 | AZ53: 24 | BA53: 24 | BB53: 24 | BC53: 24 | BD53: 24 | BE53: 24 | BF53: 24 | BG53: 24 | BH53: 24 | BI53: =SUM(G53:BH53) -> 1296
A54: 34 | B54: توريد وتركيب بريزة تليفون | C54: بالعدد | D54: 24 | E54: اكسسوار | F54: =(SUM(G54:BH54))/D54 -> 54 | G54: 24 | H54: 24 | I54: 24 | J54: 24 | K54: 24 | L54: 24 | M54: 24 | N54: 24 | O54: 24 | P54: 24 | Q54: 24 | R54: 24 | S54: 24 | T54: 24 | U54: 24 | V54: 24 | W54: 24 | X54: 24 | Y54: 24 | Z54: 24 | AA54: 24 | AB54: 24 | AC54: 24 | AD54: 24 | AE54: 24 | AF54: 24 | AG54: 24 | AH54: 24 | AI54: 24 | AJ54: 24 | AK54: 24 | AL54: 24 | AM54: 24 | AN54: 24 | AO54: 24 | AP54: 24 | AQ54: 24 | AR54: 24 | AS54: 24 | AT54: 24 | AU54: 24 | AV54: 24 | AW54: 24 | AX54: 24 | AY54: 24 | AZ54: 24 | BA54: 24 | BB54: 24 | BC54: 24 | BD54: 24 | BE54: 24 | BF54: 24 | BG54: 24 | BH54: 24 | BI54: =SUM(G54:BH54) -> 1296
A55: 35 | B55: توريد وتركيب بريزة تلفزيون | D55: 24 | E55: اكسسوار | F55: =(SUM(G55:BH55))/D54 -> 54 | G55: 24 | H55: 24 | I55: 24 | J55: 24 | K55: 24 | L55: 24 | M55: 24 | N55: 24 | O55: 24 | P55: 24 | Q55: 24 | R55: 24 | S55: 24 | T55: 24 | U55: 24 | V55: 24 | W55: 24 | X55: 24 | Y55: 24 | Z55: 24 | AA55: 24 | AB55: 24 | AC55: 24 | AD55: 24 | AE55: 24 | AF55: 24 | AG55: 24 | AH55: 24 | AI55: 24 | AJ55: 24 | AK55: 24 | AL55: 24 | AM55: 24 | AN55: 24 | AO55: 24 | AP55: 24 | AQ55: 24 | AR55: 24 | AS55: 24 | AT55: 24 | AU55: 24 | AV55: 24 | AW55: 24 | AX55: 24 | AY55: 24 | AZ55: 24 | BA55: 24 | BB55: 24 | BC55: 24 | BD55: 24 | BE55: 24 | BF55: 24 | BG55: 24 | BH55: 24 | BI55: =SUM(G55:BH55) -> 1296
A56: 2 | B56: توريد وتركيب اعمدة انارة | C56: عدد | D56: 4 | E56: قواعد | F56: =(SUM(G56:BH56))/4 -> 37.5 | H56: 2 | I56: 2 | J56: 2 | K56: 2 | L56: 2 | M56: 2 | N56: 2 | O56: 2 | P56: 2 | Q56: 3 | R56: 3 | S56: 3 | T56: 3 | U56: 3 | V56: 3 | W56: 3 | X56: 3 | Y56: 3 | Z56: 3 | AA56: 3 | AB56: 3 | AC56: 3 | AD56: 3 | AE56: 3 | AF56: 3 | AG56: 3 | AH56: 3 | AI56: 3 | AJ56: 3 | AK56: 3 | AL56: 3 | AM56: 3 | AN56: 3 | AO56: 3 | AP56: 3 | AQ56: 3 | AR56: 3 | AS56: 3 | AT56: 3 | AU56: 3 | AV56: 3 | AW56: 3 | AX56: 3 | AY56: 3 | AZ56: 3 | BA56: 3 | BB56: 3 | BC56: 3 | BD56: 3 | BE56: 3 | BF56: 3 | BG56: 3 | BH56: 3 | BI56: =SUM(G56:BH56) -> 150
A57: عن الشركة | N57: عن الاستشاري
AK97: 2221

Sheet كهرباء 54
A1: وزارة الاسكان والمرافق والمجتمعات العمرانية | D1: مستخلص كهرباء جارى رقم (34 ) | L1: الاعمال المنفذه من بدء العمل الى 31-10-2025 | R1: عدد العمارات
D2: تنفيذ عدد 54 عمارة ضمن المرحلة الخامسة بالحى الــ 15 بالمدينة | R2: 32
A3: هيئة المجتمعات العمرانية الجديدة | D3: مقاولة / شركة المهندس / احمد سعد حسن عبد الجواد للمقاولات المتكاملة
A4: جهاز مدينة العبور الجديدة | D4: استشارى المشروع / مركز بحوث واستشارات التنمية - كلية الهندسة -جامعة الفيوم | L4: تاريخ بدء الاعمال 21 / 9 / 2022 تاريخ النهو المقرر 21 /3 / 2024 تاريخ النهو المعدل 2025/9/30
D5: بموجب أمر إسناد رقم ( 66 ) بتاريخ 15 / 9 / 2022
A6: رقم بند | B6: بنود الأعمال | D6: وحدة | E6: كمية المقايسة | F6: الكمية التعاقدية | G6: الفئة | I6: كمية الأعمال | L6: قيمة الأعمال | M6: نسبة الصرف | N6: قيمة الخصم بالجنية | O6: صافى القيمة | P6: ملاحظات
I7: السابق | J7: الجارى | K7: الجملة | L7: بالجنية | O7: بالجنية
A8: 1 | B8: بالعدد توريد وتركيب كوفريه عمومي من الصاج - 6 قواعد فيوز (الفيوز =250 أمبير ) | D8: عدد | E8: 1 | F8: =E8*54 -> 54 | G8: 8650 | I8: 54 | J8: =K8-I8 -> 0 | K8: 54 | L8: =G8*K8 -> 467100 | M8: 0.5 | N8: =L8*(1-M8) -> 233550 | O8: =L8-N8 -> 233550 | R8: =K8/E8 -> 54
A9: 2 | B9: بالعدد توريد وتركيب صندوق توزيع بالادوار من الصاج بأبعاد 40*40سم وعمق 15 سم | D9: عدد | E9: 12 | F9: =E9*54 -> 648 | G9: 320 | I9: 648 | J9: =K9-I9 -> 0 | K9: 648 | L9: =G9*K9 -> 207360 | M9: 0.8 | N9: =L9*(1-M9) -> 41472 | O9: =L9-N9 -> 165888 | R9: =K9/E9 -> 54
A10: 3 | B10: بالعدد توريد وتركيب كوفريه من الصاج لمداخل الشقق السكنيه | C10: صاج | D10: عدد | E10: 24 | F10: =E10*54 -> 1296 | G10: 350 | I10: 0 | J10: =K10-I10 -> 0 | K10: =F10-K11 -> 0 | L10: =G10*K10 -> 0 | M10: 0.25 | N10: =L10*(1-M10) -> 0 | O10: =L10-N10 -> 0 | R10: =K10/E10 -> 0
C11: تشطيب | I11: 1296 | J11: =K11-I11 -> 0 | K11: =54*24 -> 1296 | L11: =K11*G10 -> 453600 | M11: 0.95 | N11: =L11*(1-M11) -> 22680 | O11: =L11-N11 -> 430920
A12: 4 | B12: بالعدد توريد وتركيب لوحه فرعيه للشقق | C12: صاج | D12: عدد | E12: 24 | F12: =E12*54 -> 1296 | G12: 725 | I12: 0 | J12: =K12-I12 -> 0 | K12: =F12-K13 -> 0 | L12: =G12*K12 -> 0 | M12: 0.25 | N12: =L12*(1-M12) -> 0 | O12: =L12-N12 -> 0 | R12: =K12/E12 -> 0
C13: تشطيب | I13: 1296 | J13: =K13-I13 -> 0 | K13: =54*E12 -> 1296 | L13: =K13*G12 -> 939600 | M13: 0.95 | N13: =L13*(1-M13) -> 46980 | O13: =L13-N13 -> 892620
A14: 5 | B14: بالعدد توريد وتركيب لوحه فرعيه للخدمات لاناره المداخل والسلالم | C14: صاج | D14: عدد | E14: 1 | F14: =E14*54 -> 54 | G14: 535 | I14: 0 | J14: =K14-I14 -> 0 | K14: =F14-K15 -> 0 | L14: =K14*G14 -> 0 | M14: 0.25 | N14: =L14*(1-M14) -> 0 | O14: =L14-N14 -> 0 | R14: =K14/E14 -> 0
C15: تشطيب | I15: 54 | J15: =K15-I15 -> 0 | K15: 54 | L15: =K15*G14 -> 28890 | M15: 0.95 | N15: =L15*(1-M15) -> 1444.5 | O15: =L15-N15 -> 27445.5
A16: 6 | B16: بالعدد توريد وتركيب لوحه عداد الشقه ( صاج) | D16: عدد | E16: 24 | F16: =E16*54 -> 1296 | G16: 310 | I16: 1296 | J16: =K16-I16 -> 0 | K16: 1296 | L16: =G16*K16 -> 401760 | M16: 0.95 | N16: =L16*(1-M16) -> 20088 | O16: =L16-N16 -> 381672 | R16: =K16/E16 -> 54
A17: 7 | B17: بالمقطوعيه توريد وتركيب عدد 2 ماسوره بلاستيك قطر 29 بوصه | D17: مقط | E17: 1 | F17: =E17*54 -> 54 | G17: 800 | I17: 54 | J17: =K17-I17 -> 0 | K17: 54 | L17: =G17*K17 -> 43200 | M17: 0.95 | N17: =L17*(1-M17) -> 2160 | O17: =L17-N17 -> 41040 | R17: =K17/E17 -> 54
A18: 8 | B18: بالمتر الطولي توريد وتركيب العامود الصاعد 4 (1*50) + 1(1*35) | D18: م.ط | E18: 70 | F18: =E18*54 -> 3780 | G18: 930 | I18: 3132 | J18: =K18-I18 -> 0 | K18: 3132 | L18: =G18*K18 -> 2912760 | M18: 0.25 | N18: =L18*(1-M18) -> 2184570 | O18: =L18-N18 -> 728190 | R18: =K18/E18 -> 44.742857
A19: 9 | B19: توريد وتركيب خط تغذية الشقة من موصلات نحاس قطاع 2( 1 × 16 ) + ( 1 × 16 ) مم | D19: م.ط | E19: 192 | F19: =E19*54 -> 10368 | G19: 165 | I19: 0 | J19: =K19-I19 -> 0 | K19: =F19-K20 -> 0 | L19: =G19*K19 -> 0 | M19: 0.25 | N19: =L19*(1-M19) -> 0 | O19: =L19-N19 -> 0 | R19: =K19/E19 -> 0
I20: 10368 | J20: =K20-I20 -> 0 | K20: =54*192 -> 10368 | L20: =K20*G19 -> 1710720 | M20: 0.95 | N20: =L20*(1-M20) -> 85536 | O20: =L20-N20 -> 1625184
A21: 10 | B21: جلوب كروي لزوم حوض غسيل الايدي وباب الشقة | D21: عدد | E21: 48 | F21: =E21*54 -> 2592 | G21: 85 | I21: 2592 | J21: =K21-I21 -> 0 | K21: =54*E21 -> 2592 | L21: =G21*K21 -> 220320 | M21: 0.97 | N21: =L21*(1-M21) -> 6609.6 | O21: =L21-N21 -> 213710.4
A22: 11 | B22: توريد وتركيب مخرج إنارة بالسقف أو الحائط | C22: اسقف + دق وتركيب | D22: عدد | E22: 192 | F22: =E22*54 -> 10368 | G22: 300 | I22: 0 | J22: =K22-I22 -> 0 | K22: =F22-K23 -> 0 | L22: =K22*G22 -> 0 | M22: 0.25 | N22: =L22*(1-M22) -> 0 | O22: =L22-N22 -> 0 | Q22: =SUM(K22:K22) -> 0 | R22: =K22/E22 -> 0 | S22: =M22*K22 -> 0 | T22: =(O22-554396)/G22 -> -1847.9867
C23: سحب سلك | I23: 10368 | J23: =K23-I23 -> 0 | K23: =54*E22 -> 10368 | L23: =K23*G22 -> 3110400 | M23: 0.95 | N23: =L23*(1-M23) -> 155520 | O23: =L23-N23 -> 2954880 | Q23: =SUM(K22:K23) -> 10368 | R23: =K23/E23 -> #DIV/0!
A24: 12 | B24: توريد وتركيب مخرج نجفة | C24: اسقف + دق وتركيب | D24: عدد | E24: 120 | F24: =E24*54 -> 6480 | G24: 485 | I24: 0 | J24: =K24-I24 -> 0 | K24: =F24-K25 -> 0 | L24: =K24*G24 -> 0 | M24: 0.25 | N24: =L24*(1-M24) -> 0 | O24: =L24-N24 -> 0 | Q24: =SUM(K23:K24) -> 10368 | R24: =K24/E24 -> 0 | S24: =M24*K24 -> 0 | T24: =(O24-560171)/G24 -> -1154.9918
C25: سحب سلك | I25: 6480 | J25: =K25-I25 -> 0 | K25: =54*E24 -> 6480 | L25: =K25*G24 -> 3142800 | M25: 0.95 | N25: =L25*(1-M25) -> 157140 | O25: =L25-N25 -> 2985660 | Q25: =SUM(K24:K25) -> 6480 | R25: =K25/E25 -> #DIV/0!
A26: 13 | B26: توريد وتركيب مخرج إنارة بالمدخل والسلم | C26: اسقف + دق وتركيب | D26: عدد | E26: 17 | F26: =E26*54 -> 918 | G26: 250 | I26: 0 | J26: =K26-I26 -> 0 | K26: =F26-K27 -> 0 | L26: =K26*G26 -> 0 | M26: 0.25 | N26: =L26*(1-M26) -> 0 | O26: =L26-N26 -> 0 | Q26: =SUM(K25:K26) -> 6480 | R26: =K26/E26 -> 0 | S26: =M26*K26 -> 0 | T26: =(O26-40881)/G26 -> -163.524
C27: سحب سلك | I27: 918 | J27: =K27-I27 -> 0 | K27: =54*E26 -> 918 | L27: =K27*G26 -> 229500 | M27: 0.95 | N27: =L27*(1-M27) -> 11475 | O27: =L27-N27 -> 218025 | Q27: =SUM(K26:K27) -> 918 | R27: =K27/E27 -> #DIV/0!
A28: 15 | B28: توريد وتركيب مخرج إنارة مدخل العمارة | C28: اسقف + دق وتركيب | D28: عدد | E28: 2 | F28: =E28*54 -> 108 | G28: 400 | I28: 0 | J28: =K28-I28 -> 0 | K28: =F28-K29 -> 0 | L28: =K28*G28 -> 0 | M28: 0.25 | N28: =L28*(1-M28) -> 0 | O28: =L28-N28 -> 0 | Q28: =SUM(K27:K28) -> 918 | R28: =K28/E28 -> 0 | S28: =M28*K28 -> 0 | T28: =(O28-7781)/G28 -> -19.4525
C29: سحب سلك | I29: 108 | J29: =K29-I29 -> 0 | K29: =54*E28 -> 108 | L29: =K29*G28 -> 43200 | M29: 0.95 | N29: =L29*(1-M29) -> 2160 | O29: =L29-N29 -> 41040 | Q29: =SUM(K28:K29) -> 108 | R29: =K29/E29 -> #DIV/0!
A30: 16 | B30: توريد وتركيب مخرج إنارة مخرج جرس | C30: اسقف + دق وتركيب | D30: عدد | E30: 24 | F30: =E30*54 -> 1296 | G30: 165 | I30: 0 | J30: =K30-I30 -> 0 | K30: =F30-K31 -> 0 | L30: =K30*G30 -> 0 | M30: 0.25 | N30: =L30*(1-M30) -> 0 | O30: =L30-N30 -> 0 | Q30: =SUM(K29:K30) -> 108 | R30: =K30/E30 -> 0 | S30: =M30*K30 -> 0 | T30: =(O30-38115)/G30 -> -231
C31: سحب سلك | I31: 1296 | J31: =K31-I31 -> 0 | K31: =54*E30 -> 1296 | L31: =K31*G30 -> 213840 | M31: 0.95 | N31: =L31*(1-M31) -> 10692 | O31: =L31-N31 -> 203148 | Q31: =SUM(K30:K31) -> 1296 | R31: =K31/E31 -> #DIV/0!
A32: 17 | B32: توريد وتركيب مخرج بريزة عادية | C32: اسقف + دق وتركيب | D32: عدد | E32: 384 | F32: =E32*54 -> 20736 | G32: 230 | I32: 0 | J32: =K32-I32 -> 0 | K32: =25920-K33 -> 0 | L32: =K32*G32 -> 0 | M32: 0.25 | N32: =L32*(1-M32) -> 0 | O32: =L32-N32 -> 0 | Q32: =SUM(K31:K32) -> 1296 | R32: =K32/E32 -> 0 | S32: =M32*K32 -> 0 | T32: =(O32-850073)/G32 -> -3695.9696
C33: سحب سلك | I33: 25920 | J33: =K33-I33 -> 0 | K33: =54*480 -> 25920 | L33: =K33*G32 -> 5961600 | M33: 0.95 | N33: =L33*(1-M33) -> 298080 | O33: =L33-N33 -> 5663520 | Q33: =SUM(K32:K33) -> 25920 | R33: =K33/E33 -> #DIV/0!
A34: 18 | B34: توريد وتركيب مخرج بريزة قوى | C34: اسقف + دق وتركيب | D34: عدد | E34: 48 | F34: =E34*54 -> 2592 | G34: 415 | I34: 0 | J34: =K34-I34 -> 0 | K34: =2592-K35 -> 0 | L34: =K34*G34 -> 0 | M34: 0.25 | N34: =L34*(1-M34) -> 0 | O34: =L34-N34 -> 0 | R34: =K34/E34 -> 0 | S34: =M34*K34 -> 0 | T34: =(O34-191729)/G34 -> -461.99759
C35: سحب سلك | I35: 2592 | J35: =K35-I35 -> 0 | K35: =54*E34 -> 2592 | L35: =K35*G34 -> 1075680 | M35: 0.95 | N35: =L35*(1-M35) -> 53784 | O35: =L35-N35 -> 1021896 | R35: =K35/E35 -> #DIV/0!
A36: 19 | B36: توريد وتركيب مخرج تكييف | C36: اسقف + دق وتركيب | D36: عدد | E36: 24 | F36: =E36*54 -> 1296 | G36: 795 | I36: 0 | J36: =K36-I36 -> 0 | K36: =1296-K37 -> 0 | L36: =K36*G36 -> 0 | M36: 0.25 | N36: =L36*(1-M36) -> 0 | O36: =L36-N36 -> 0 | R36: =K36/E36 -> 0 | S36: =M36*K36 -> 0 | T36: =(O36-183644)/G36 -> -230.99874
C37: سحب سلك | I37: 1296 | J37: =K37-I37 -> 0 | K37: =54*E36 -> 1296 | L37: =K37*G36 -> 1030320 | M37: 0.95 | N37: =L37*(1-M37) -> 51516 | O37: =L37-N37 -> 978804 | R37: =K37/E37 -> #DIV/0!
A38: الاجمــــــــالي | L38: =SUM(L8:L37) -> 22192650 | N38: =SUM(N8:N37) -> 3385457.1 | O38: =SUM(O8:O37) -> 18807193
A39: ملاحظات :- المراجعه الماليه وخصم النسب المقرره طبقا للتعاقد مسئولية الاداره الماليه للجهاز
B40: يتم رفع جميع التعليات السابقة | D40: * الكميات المدرجة والمنفذة واعمال الحصر طبقا للمواصفات واصول الصناعة مسئولية الاستشارى المشرف على المشروع دون ادنى مسئولية على الجهاز | Q40: =SUM(K22:K23) -> 10368
D42: الاستشاري المشرف على المشروع / | J42: مهندسو جهاز المدينة
A43: مهندس الشركة المنفذة مدير الموقع | D43: مهند س الكهرباء | F43: رئيس مجموعة الاشراف | H43: مدير المشاريع | J43: مهندس المشروع بالجهاز مهندس الجهاز مدير اداره الكهرباء مدير المكتب الفني | O43: نائب رئيس الجهاز
A45: م / محمد عبدالله م / عماد حماد | D45: م / | F45: م / محمد دهشان | H45: د/ احمد سراج | J45: ا-جمال عوض م-احمد ابو الفتوح م/ خالد عبيد م/ فوزي شبل علام | O45: م / اشرف عبد الوهاب بيومي
A46: التوقيع / التوقيع / | D46: التوقيع / | F46: التوقيع / | H46: التوقيع / | J46: التوقيع / | K46: التوقيع / | L46: التوقيع / | N46: التوقيع / | O46: التوقيع /
L47: يعتمـــــــــــــــــــــــــــــــد رئيس الجهاز ,,,
E48: يعتمد مدير مركز البحوث واستشارات التنمية | L48: د.مهندس / احمد اسماعيل جبر
E49: د / نبيل عوض الله | L49: التوقيع /
E50: التوقيع /
A51: اجمالي ما قبله | L51: =L38 -> 22192650 | N51: =N38 -> 3385457.1 | O51: =O38 -> 18807193
A52: 20 | B52: توريد وتركيب مفتاح انارة سكة واحدة سعة 10 امبير | D52: عدد | E52: 72 | F52: =E52*54 -> 3888 | G52: 30 | I52: 3888 | J52: =K52-I52 -> 0 | K52: =54*E52 -> 3888 | L52: =K52*G52 -> 116640 | M52: 0.97 | N52: =L52*(1-M52) -> 3499.2 | O52: =L52-N52 -> 113140.8
A53: 21 | B53: توريد وتركيب مفتاح انارة سكتين سعة 10 امبير | D53: عدد | E53: 120 | F53: =E53*54 -> 6480 | G53: 35 | I53: 6480 | J53: =K53-I53 -> 0 | K53: =54*E53 -> 6480 | L53: =K53*G53 -> 226800 | M53: 0.97 | N53: =L53*(1-M53) -> 6804 | O53: =L53-N53 -> 219996
A54: 22 | B54: توريد وتركيب مفتاح انارة ثلاثة سكة سعة 10 امبير | D54: عدد | E54: 24 | F54: =E54*54 -> 1296 | G54: 40 | I54: 1296 | J54: =K54-I54 -> 0 | K54: =54*E54 -> 1296 | L54: =K54*G54 -> 51840 | M54: 0.97 | N54: =L54*(1-M54) -> 1555.2 | O54: =L54-N54 -> 50284.8
A55: 23 | B55: توريد وتركيب مفتاح انارة ديفاتير سعة 10 امبير | D55: عدد | E55: 48 | F55: =E55*54 -> 2592 | G55: 30 | I55: 2592 | J55: =K55-I55 -> 0 | K55: =54*E55 -> 2592 | L55: =K55*G55 -> 77760 | M55: 0.97 | N55: =L55*(1-M55) -> 2332.8 | O55: =L55-N55 -> 75427.2
A56: 24 | B56: توريد وتركيب مفتاح جرس سعة 10 امبير | D56: عدد | E56: 30 | F56: =E56*54 -> 1620 | G56: 30 | I56: 1620 | J56: =K56-I56 -> 0 | K56: =54*E56 -> 1620 | L56: =K56*G56 -> 48600 | M56: 0.97 | N56: =L56*(1-M56) -> 1458 | O56: =L56-N56 -> 47142
A57: 25 | B57: توريد وتركيب ماخذ كهربائي مجوف احادي الوجه سعه 10 امبير | D57: عدد | E57: 336 | F57: =E57*54 -> 18144 | G57: 30 | I57: 22680 | J57: =K57-I57 -> 0 | K57: =54*420 -> 22680 | L57: =K57*G57 -> 680400 | M57: 0.97 | N57: =L57*(1-M57) -> 20412 | O57: =L57-N57 -> 659988
A58: 26 | B58: توريد وتركيب ماخذ كهربائي مجوف احادي الوجه سعه 10 امبير واتر بروف | D58: عدد | E58: 48 | F58: =E58*54 -> 2592 | G58: 70 | I58: 2592 | J58: =K58-I58 -> 0 | K58: =54*E58 -> 2592 | L58: =K58*G58 -> 181440 | M58: 0.97 | N58: =L58*(1-M58) -> 5443.2 | O58: =L58-N58 -> 175996.8
A59: 27 | B59: توريد وتركيب ماخذ كهربائي مجوف احادي الوجه للقوى سعه 16 امبير | D59: عدد | E59: 48 | F59: =E59*54 -> 2592 | G59: 80 | I59: 2592 | J59: =K59-I59 -> 0 | K59: =54*E59 -> 2592 | L59: =K59*G59 -> 207360 | M59: 0.97 | N59: =L59*(1-M59) -> 6220.8 | O59: =L59-N59 -> 201139.2
A60: 28 | B60: توريد وتركيب مفتاح تكييف | D60: عدد | E60: 24 | F60: =E60*54 -> 1296 | G60: 85 | I60: 1620 | J60: =K60-I60 -> 0 | K60: =54*30 -> 1620 | L60: =K60*G60 -> 137700 | M60: 0.97 | N60: =L60*(1-M60) -> 4131 | O60: =L60-N60 -> 133569
A61: 29 | B61: توريد وتركيب وحدة اضاءه جلوب 25*25 | D61: عدد | E61: 41 | F61: =E61*54 -> 2214 | G61: 85 | I61: 2214 | J61: =K61-I61 -> 0 | K61: =54*E61 -> 2214 | L61: =K61*G61 -> 188190 | M61: 0.97 | N61: =L61*(1-M61) -> 5645.7 | O61: =L61-N61 -> 182544.3
A62: 30 | B62: توريد وتركيب وحدة اضاءة ديكوريه لزوم مدخل العمارة | D62: عدد | E62: 2 | F62: =E62*54 -> 108 | G62: 525 | I62: 108 | J62: =K62-I62 -> 0 | K62: =54*E62 -> 108 | L62: =K62*G62 -> 56700 | M62: 0.97 | N62: =L62*(1-M62) -> 1701 | O62: =L62-N62 -> 54999
A63: 31 | B63: توريد وتركيب جرس بيانو | D63: عدد | E63: 24 | F63: =E63*54 -> 1296 | G63: 85 | I63: 1296 | J63: =K63-I63 -> 0 | K63: =54*E63 -> 1296 | L63: =K63*G63 -> 110160 | M63: 0.97 | N63: =L63*(1-M63) -> 3304.8 | O63: =L63-N63 -> 106855.2
A64: 32 | B64: مخرج دائرة تلفون كاملة | C64: اسقف + دق وتركيب | D64: مقط | E64: 1 | F64: =E64*54 -> 54 | G64: 17100 | I64: 54 | J64: =K64-I64 -> 0 | K64: 54 | L64: =K64*G64 -> 923400 | M64: 0.97 | N64: =L64*(1-M64) -> 27702 | O64: =L64-N64 -> 895698 | Q64: =SUM(K33:K64) -> 78840 | R64: =K64/E64 -> 54 | S64: =M64*K64 -> 52.38 | T64: =(O64-162854)/G64 -> 42.856374
A65: 33 | B65: مخرج دائرة تلفزيون كاملة | C65: اسقف + دق وتركيب | D65: عدد | E65: 24 | F65: =E65*54 -> 1296 | G65: 545 | I65: 0 | J65: =K65-I65 -> 0 | K65: =F65-K66 -> 0 | L65: =K65*G65 -> 0 | M65: 0.97 | N65: =L65*(1-M65) -> 0 | O65: =L65-N65 -> 0 | Q65: =SUM(K65:K65) -> 0 | R65: =K65/E65 -> 0 | S65: =M65*K65 -> 0 | T65: =(O65-125894)/G65 -> -230.99817
C66: سحب سلك | I66: 1296 | J66: =K66-I66 -> 0 | K66: =54*24 -> 1296 | L66: =K66*G65 -> 706320 | M66: 0.97 | N66: =L66*(1-M66) -> 21189.6 | O66: =L66-N66 -> 685130.4
A67: 34 | B67: توريد وتركيب بريزة تليفون | D67: عدد | E67: 24 | F67: =E67*54 -> 1296 | G67: 30 | I67: 1296 | J67: =K67-I67 -> 0 | K67: =54*E67 -> 1296 | L67: =K67*G67 -> 38880 | M67: 0.97 | N67: =L67*(1-M67) -> 1166.4 | O67: =L67-N67 -> 37713.6
A68: 35 | B68: توريد وتركيب بريزة تلفزيون | D68: عدد | E68: 24 | F68: =E68*54 -> 1296 | G68: 30 | I68: 1296 | J68: =K68-I68 -> 0 | K68: =54*E68 -> 1296 | L68: =K68*G68 -> 38880 | M68: 0.97 | N68: =L68*(1-M68) -> 1166.4 | O68: =L68-N68 -> 37713.6 | R68: =O69*0.97-150000 -> 21659995
A69: الاجمــــــــالي | L69: =SUM(L51:L68) -> 25983720 | N69: =SUM(N51:N68) -> 3499189.2 | O69: =SUM(O51:O68) -> 22484531 | R69: =L69-N69 -> 22484531
A70: ملاحظات :- المراجعه الماليه وخصم النسب المقرره طبقا للتعاقد مسئولية الاداره الماليه للجهاز | R70: =O69-R69 -> 0
B71: يتم رفع جميع التعليات السابقة | D71: * الكميات المدرجة والمنفذة واعمال الحصر طبقا للمواصفات واصول الصناعة مسئولية الاستشارى المشرف على المشروع دون ادنى مسئولية على الجهاز
D73: الاستشاري المشرف على المشروع / | J73: مهندسو جهاز المدينة
A74: مهندس الشركة المنفذة مدير الموقع | D74: مهندس الكهرباء | F74: رئيس مجموعة الاشراف | H74: مدير المشاريع | J74: مهندس المشروع بالجهاز مهندس الجهاز مدير اداره الكهرباء مدير المكتب الفني | O74: نائب رئيس الجهاز
A76: م / محمد عبدالله م / عماد حماد | D76: م / | F76: م / محمد دهشان | H76: د/ احمد سراج | J76: ا-جمال عوض م-احمد ابو الفتوح م/ خالد عبيد م/ فوزي شبل علام | O76: م / اشرف عبد الوهاب بيومي
A77: التوقيع / التوقيع / | D77: التوقيع / | F77: التوقيع / | H77: التوقيع / | J77: التوقيع / | L77: التوقيع / | N77: التوقيع / | O77: التوقيع /
L78: يعتمـــــــــــــــــــــــــــــــد رئيس الجهاز ,,,
E79: يعتمد مدير مركز البحوث واستشارات التنمية | L79: د.مهندس / احمد اسماعيل جبر
E80: د / نبيل عوض الله | L80: التوقيع / | R80: ابوبكر
E81: التوقيع /
A82: اجمالي ما قبله | L82: =L69 -> 25983720 | N82: =N69 -> 3499189.2 | O82: =O69 -> 22484531
A83: 2 | B83: توريد وتركيب عامود انارة حدائق ديكوري بارتفاع 5 م | D83: عدد | E83: 4 | F83: =E83*54 -> 216 | G83: 7200 | I83: 150 | J83: =K83-I83 -> 0 | K83: 150 | L83: =K83*G83 -> 1080000 | M83: 0.3 | N83: =L83*(1-M83) -> 756000 | O83: =L83-N83 -> 324000 | R83: =L84-N84 -> 22808531 | S83: =R83-O84 -> 0
A84: الاجمــــــــالي | L84: =L83+L82 -> 27063720 | N84: =N83+N82 -> 4255189.2 | O84: =O83+O82 -> 22808531 | R84: =O84*0.97 -> 22124275
A85: ملاحظات :- المراجعه الماليه وخصم النسب المقرره طبقا للتعاقد مسئولية الاداره الماليه للجهاز | R85: =R84-300000 -> 21824275
B86: يتم رفع جميع التعليات السابقة | D86: * الكميات المدرجة والمنفذة واعمال الحصر طبقا للمواصفات واصول الصناعة مسئولية الاستشارى المشرف على المشروع دون ادنى مسئولية على الجهاز
D88: الاستشاري المشرف على المشروع / | J88: مهندسو جهاز المدينة
A89: مهندس الشركة المنفذة مدير الموقع | D89: مهندس الكهرباء | F89: رئيس مجموعة الاشراف | H89: مدير المشاريع | J89: مهندس المشروع بالجهاز مهندس الجهاز مدير اداره الكهرباء مدير المكتب الفني | O89: نائب رئيس الجهاز
A91: م / محمد عبدالله م / عماد حماد | D91: م / | F91: م / محمد دهشان | H91: د/ احمد سراج | J91: ا-جمال عوض م-احمد ابو الفتوح م/ خالد عبيد م/ فوزي شبل علام | O91: م / اشرف عبد الوهاب بيومي
A92: التوقيع / التوقيع / | D92: التوقيع / | F92: التوقيع / | H92: التوقيع / | J92: التوقيع / | L92: التوقيع / | N92: التوقيع / | O92: التوقيع /
L93: يعتمـــــــــــــــــــــــــــــــد رئيس الجهاز ,,,
E94: يعتمد مدير مركز البحوث واستشارات التنمية | L94: د.مهندس / احمد اسماعيل جبر
E95: د / نبيل عوض الله | L95: التوقيع /
E96: التوقيع /
J97: عمور 1111111111

Sheet اجمــــــــاليات 
A1: بيان مستخلص جــــــــاري رقـــــــــم (34 )
A2: البيان | B2: السابق | C2: الحالي | D2: الصـــــــافي
A3: اعتيادي | B3: 4.097945e+08 | C3: =مستخلص!M220*0.97 -> 4.1201186e+08 | D3: =C3-B3 -> 2217364.7
A4: كهرباء | B4: 21376080 | C4: =0.97*'كهرباء 54'!O84-300000*1 -> 21824275 | D4: =C4-B4 -> 448194.71 | E4: =0.1*447824000 -> 44782400
A5: تشوينات بعد خصم 25% | B5: 612846 | C5: =تشوينات!GA30 -> 612846 | D5: =C5-B5 -> 0 | E5: =408983660.61+775833.89 -> 4.0975949e+08
A6: الاجمـــــــــــــــــــالي | B6: =SUM(B3:B5) -> 4.3178342e+08 | C6: =SUM(C3:C5) -> 4.3444898e+08 | D6: =SUM(D3:D5) -> 2665559.4
A7: الصافي بدون تشوينات | D7: =D3+D4 -> 2665559.4 | E7: نننننننننننننننننننننننن
A8: الصافي بعد خصم الضريبة 5% | D8: =D7/1.05 -> 2538628
A9: الصافي بعد خصم الضريبه + التشوينات | D9: =D8+D5 -> 2538628
A10: الصافي المستحق بعد تعلية 3 % | D10: =D3+D4+D5 -> 2665559.4
A11: الاستقطاعات | B11: النسبة | C11: قيمة الاستقطاعات
A12: ضمان الاعمال | B12: 0.05 | C12: =B12*D7 -> 133277.97
A13: تامين الاشغالات | B13: 0.0027 | C13: =B13*D9 -> 6854.2956
A14: الدمغة النسبية | B14: 0.006 | C14: =B14*D9 -> 15231.768
A15: الدمغة الإضافية | B15: 0.018 | C15: =B15*D9 -> 45695.304
A16: دمغة نقابة مهن هندسية | B16: 0.0045 | C16: =B16*D9 -> 11423.826
A17: دمغة نقابة مهن تطبيقية | B17: 0 | C17: 0
A18: تامينات اجتماعية | B18: 0 | C18: =B18*D9 -> 0
A19: أرباح تجارية وصناعية | B19: 0 | C19: =B19*D9 -> 0
A20: ضريبة القيمة المضافة | B20: 0.05 | C20: =B20*D8 -> 126931.4
A21: الاتحاد المصري | B21: 0 | C21: 0
A22: تحيا مصر | B22: 0.01 | C22: =B22*D9 -> 25386.28
A23: تراخيص | B23: 0 | C23: 10000
A24: غرامة تأخير | B24: 0 | C24: 0
A25: عائد استثمار رصيد دفعة مقدمة | B25: 0 | C25: 0
A26: تعليات لحين سداد التامينات | B26: 0 | C26: 0
A27: تعلية بنود متجاوزة | B27: 0 | C27: 0
A28: تعلية بنود مستجدة | B28: 0 | C28: 0
A29: استهلاك الدفعة المقدمة | B29: 0.1 | C29: =0.1*D10 -> 266555.94
A30: محضر الاستلام | B30: 0 | C30: 0
A31: تامين نهائي | B31: 0.1 | C31: 0
A32: معلى للشركة في الدائنة | B32: 0 | C32: 0
A33: عائد كميات / نسب سالبة | B33: 0 | C33: 0
A34: معلى لحساب الشركة | B34: 0 | C34: 0
A35: جملة الاستقطاعات | C35: =SUM(C12:D34) -> 641356.79
A36: الصافي بعد الاستقطاعات | C36: =D6-C35 -> 2024202.6
B40: 0 | E40: =8061000-C36 -> 6036797.4
C41: الله اكبر -تحيا غزة العزة - تحيا مصر
A87: 7_5
A88: 7_6
A89: 7_7
A120: تاسعا - أعمــــال الفتحات ( نجاره باب وشباك )
A125: تاســعا -أعمــــال الفتحات ( الالومنيوم )
A156: عاشرا -أعمــــال الحداده

Sheet بيان الاعمال
A1: وزارة الإسكان والمرافق والمجتمعات العمرانية هيئة المجتمعات العمرانية الجديدة جهاز تنمية مدينة العبور الجديدة | E1: بيان اعمال مستخلص رقم ( 33) جارى - عملية ( 3 ) | O1: مشروع / عملية رقم 3 لإنشاء عدد 54عمارة إسكان اجتماعي - مدينة العبور الجديدة الحى 15 شركة المقاولات المسند اليها المشروع /احمد سعد عبد الجواد بموجب امر إسناد رقم (66 )بتاريخ 2022/9/15 | V1: بيان اعمال مستخلص رقم ( 33) جارى - عملية ( 3 ) | AF1: مشروع / عملية رقم 3 لإنشاء عدد 54عمارة إسكان اجتماعي - مدينة العبور الجديدة الحى 15 شركة المقاولات المسند اليها المشروع /احمد سعد عبد الجواد بموجب امر إسناد رقم (66 )بتاريخ 2022/9/15 | AN1: بيان اعمال مستخلص رقم (33) جارى - عملية ( 3 ) | BA1: مشروع / عملية رقم 3 لإنشاء عدد 54عمارة إسكان اجتماعي - مدينة العبور الجديدة الحى 15 شركة المقاولات المسند اليها المشروع /احمد سعد عبد الجواد بموجب امر إسناد رقم (66 )بتاريخ 2022/9/15
A2: بند / ارقام العمارات | E2: 300 | F2: 301 | G2: 302 | H2: 303 | I2: 304 | J2: 305 | K2: 306 | L2: 307 | M2: 308 | N2: 309 | O2: 310 | P2: 311 | Q2: 312 | R2: 313 | S2: 314 | T2: 315 | U2: 316 | V2: 317 | W2: 318 | X2: 319 | Y2: 320 | Z2: 321 | AA2: 322 | AB2: 323 | AC2: 324 | AD2: 325 | AE2: 326 | AF2: 327 | AG2: 328 | AH2: 329 | AI2: 330 | AJ2: 331 | AK2: 332 | AL2: 333 | AM2: 334 | AN2: 335 | AO2: 336 | AP2: 337 | AQ2: 338 | AR2: 339 | AS2: 340 | AT2: 341 | AU2: 342 | AV2: 343 | AW2: 344 | AX2: 345 | AY2: 346 | AZ2: 347 | BA2: 348 | BB2: 349 | BC2: 350 | BD2: 351 | BE2: 352 | BF2: 353 | BG2: اجمالى الكمية المنفذة | BH2: اجمالى الكمية فى المستخلص
A3: بند(1 - 1) بالمتر المكعب حفر لزوم الاساسات | C3: الكميه بالمقايسه | E3: 965 | F3: 965 | G3: 965 | H3: 965 | I3: 965 | J3: 965 | K3: 965 | L3: 965 | M3: 965 | N3: 965 | O3: 965 | P3: 965 | Q3: 965 | R3: 965 | S3: 965 | T3: 965 | U3: 965 | V3: 965 | W3: 965 | X3: 965 | Y3: 965 | Z3: 965 | AA3: 965 | AB3: 965 | AC3: 965 | AD3: 965 | AE3: 965 | AF3: 965 | AG3: 965 | AH3: 965 | AI3: 965 | AJ3: 965 | AK3: 965 | AL3: 965 | AM3: 965 | AN3: 965 | AO3: 965 | AP3: 965 | AQ3: 965 | AR3: 965 | AS3: 965 | AT3: 965 | AU3: 965 | AV3: 965 | AW3: 965 | AX3: 965 | AY3: 965 | AZ3: 965 | BA3: 965 | BB3: 965 | BC3: 965 | BD3: 965 | BE3: 965 | BF3: 965 | BG3: =SUM(E3:BF3) -> 52110 | BH3: =BG4 -> 72595.27 | BI3: =BG3/BF3 -> 54
C4: الكميه المنفذه | E4: 1431.17 | F4: 1538.93 | G4: 1148.09 | H4: 1727.22 | I4: 1718.78 | J4: 1328.94 | K4: 910.95 | L4: 916.68 | M4: 1289.08 | N4: 1403.67 | O4: 1082.83 | P4: 1237.52 | Q4: 2228.69 | R4: 1432.32 | S4: 939.6 | T4: 397.62 | U4: 639.04 | V4: 563.3 | W4: 1180.23 | X4: 1420.86 | Y4: 2532.34 | Z4: 1277.62 | AA4: 713.72 | AB4: 493.26 | AC4: 441.38 | AD4: 1913.58 | AE4: 2194.31 | AF4: 2263.06 | AG4: 2412.03 | AH4: 2045.35 | AI4: 2646.93 | AJ4: 710.05 | AK4: 710.05 | AL4: 814.19 | AM4: 1380.75 | AN4: 1890.66 | AO4: 2114.1 | AP4: 1438.04 | AQ4: 870.84 | AR4: 761.99 | AS4: 421.29 | AT4: 1873.47 | AU4: 2192.64 | AV4: 1701.59 | AW4: 899.49 | AX4: 1581.28 | AY4: 1410.18 | AZ4: 1205.43 | BA4: 516.13 | BB4: 790.88 | BC4: 1352.1 | BD4: 1278.34 | BE4: 1362.13 | BF4: 1850.55 | BG4: =SUM(E4:BF4) -> 72595.27 | BI4: =BG4/BF4 -> 39.229024
A5: بند(1- 2) بالمتر المكعب ردم من ناتج الحفر | C5: الكميه بالمقايسه | E5: 250 | F5: 250 | G5: 250 | H5: 250 | I5: 250 | J5: 250 | K5: 250 | L5: 250 | M5: 250 | N5: 250 | O5: 250 | P5: 250 | Q5: 250 | R5: 250 | S5: 250 | T5: 250 | U5: 250 | V5: 250 | W5: 250 | X5: 250 | Y5: 250 | Z5: 250 | AA5: 250 | AB5: 250 | AC5: 250 | AD5: 250 | AE5: 250 | AF5: 250 | AG5: 250 | AH5: 250 | AI5: 250 | AJ5: 250 | AK5: 250 | AL5: 250 | AM5: 250 | AN5: 250 | AO5: 250 | AP5: 250 | AQ5: 250 | AR5: 250 | AS5: 250 | AT5: 250 | AU5: 250 | AV5: 250 | AW5: 250 | AX5: 250 | AY5: 250 | AZ5: 250 | BA5: 250 | BB5: 250 | BC5: 250 | BD5: 250 | BE5: 250 | BF5: 250 | BG5: =SUM(E5:BF5) -> 13500 | BH5: =BG6 -> 0 | BI5: =BG5/BF5 -> 54
C6: الكميه المنفذه | BG6: =SUM(E6:BF6) -> 0 | BI6: =BG6/BF6 -> #DIV/0!
A7: بند(1-2) بالمتر المكعب ردم من ناتج الحفر | C7: الكميه بالمقايسه | E7: 250 | F7: 250 | G7: 250 | H7: 250 | I7: 250 | J7: 250 | K7: 250 | L7: 250 | M7: 250 | N7: 250 | O7: 250 | P7: 250 | Q7: 250 | R7: 250 | S7: 250 | T7: 250 | U7: 250 | V7: 250 | W7: 250 | X7: 250 | Y7: 250 | Z7: 250 | AA7: 250 | AB7: 250 | AC7: 250 | AD7: 250 | AE7: 250 | AF7: 250 | AG7: 250 | AH7: 250 | AI7: 250 | AJ7: 250 | AK7: 250 | AL7: 250 | AM7: 250 | AN7: 250 | AO7: 250 | AP7: 250 | AQ7: 250 | AR7: 250 | AS7: 250 | AT7: 250 | AU7: 250 | AV7: 250 | AW7: 250 | AX7: 250 | AY7: 250 | AZ7: 250 | BA7: 250 | BB7: 250 | BC7: 250 | BD7: 250 | BE7: 250 | BF7: 250 | BG7: =SUM(E7:BF7) -> 13500 | BH7: =BG8 -> 16848 | BI7: =BG7/BF7 -> 54
C8: الكميه المنفذه | E8: 312 | F8: 312 | G8: 312 | H8: 312 | I8: 312 | J8: 312 | K8: 312 | L8: 312 | M8: 312 | N8: 312 | O8: 312 | P8: 312 | Q8: 312 | R8: 312 | S8: 312 | T8: 312 | U8: 312 | V8: 312 | W8: 312 | X8: 312 | Y8: 312 | Z8: 312 | AA8: 312 | AB8: 312 | AC8: 312 | AD8: 312 | AE8: 312 | AF8: 312 | AG8: 312 | AH8: 312 | AI8: 312 | AJ8: 312 | AK8: 312 | AL8: 312 | AM8: 312 | AN8: 312 | AO8: 312 | AP8: 312 | AQ8: 312 | AR8: 312 | AS8: 312 | AT8: 312 | AU8: 312 | AV8: 312 | AW8: 312 | AX8: 312 | AY8: 312 | AZ8: 312 | BA8: 312 | BB8: 312 | BC8: 312 | BD8: 312 | BE8: 312 | BF8: 312 | BG8: =SUM(E8:BF8) -> 16848 | BI8: =BG8/BF8 -> 54
A9: بند(1- 4) بالمتر المكعب تربة احلال للاساسات برمال من خارج الموقع | C9: الكميه بالمقايسه | E9: 281 | F9: 281 | G9: 281 | H9: 281 | I9: 281 | J9: 281 | K9: 281 | L9: 281 | M9: 281 | N9: 281 | O9: 281 | P9: 281 | Q9: 281 | R9: 281 | S9: 281 | T9: 281 | U9: 281 | V9: 281 | W9: 281 | X9: 281 | Y9: 281 | Z9: 281 | AA9: 281 | AB9: 281 | AC9: 281 | AD9: 281 | AE9: 281 | AF9: 281 | AG9: 281 | AH9: 281 | AI9: 281 | AJ9: 281 | AK9: 281 | AL9: 281 | AM9: 281 | AN9: 281 | AO9: 281 | AP9: 281 | AQ9: 281 | AR9: 281 | AS9: 281 | AT9: 281 | AU9: 281 | AV9: 281 | AW9: 281 | AX9: 281 | AY9: 281 | AZ9: 281 | BA9: 281 | BB9: 281 | BC9: 281 | BD9: 281 | BE9: 281 | BF9: 281 | BG9: =SUM(E9:BF9) -> 15174 | BH9: =BG10 -> 30938.22 | BI9: =BG9/BF9 -> 54
C10: الكميه المنفذه | E10: 572.93 | F10: 1432.325 | G10: 1145.86 | H10: 572.93 | I10: 572.93 | J10: 859.395 | K10: 572.93 | L10: 572.93 | M10: 572.93 | N10: 859.395 | O10: 572.93 | P10: 859.395 | Q10: 1432.325 | R10: 572.93 | S10: 572.93 | T10: 0 | U10: 0 | V10: 0 | W10: 572.93 | X10: 572.93 | Y10: 1145.86 | Z10: 572.93 | AA10: 0 | AB10: 0 | AC10: 0 | AD10: 572.93 | AE10: 572.93 | AF10: 1145.86 | AG10: 572.93 | AH10: 572.93 | AI10: 572.93 | AJ10: 0 | AK10: 0 | AL10: 0 | AM10: 572.93 | AN10: 859.395 | AO10: 572.93 | AP10: 859.395 | AQ10: 572.93 | AR10: 286.465 | AS10: 286.465 | AT10: 572.93 | AU10: 859.395 | AV10: 572.93 | AW10: 572.93 | AX10: 572.93 | AY10: 572.93 | AZ10: 572.93 | BA10: 572.93 | BB10: 572.93 | BC10: 1145.86 | BD10: 572.93 | BE10: 572.93 | BF10: 572.93 | BG10: =SUM(E10:BF10) -> 30938.22 | BI10: =BG10/BF10 -> 54
A11: بند(1- 5) بالمتر المكعب تربة احلال اسفل الاساسات برمال وسن بنسبة 1:1 | C11: الكميه بالمقايسه | E11: 117 | F11: 117 | G11: 117 | H11: 117 | I11: 117 | J11: 117 | K11: 117 | L11: 117 | M11: 117 | N11: 117 | O11: 117 | P11: 117 | Q11: 117 | R11: 117 | S11: 117 | T11: 117 | U11: 117 | V11: 117 | W11: 117 | X11: 117 | Y11: 117 | Z11: 117 | AA11: 117 | AB11: 117 | AC11: 117 | AD11: 117 | AE11: 117 | AF11: 117 | AG11: 117 | AH11: 117 | AI11: 117 | AJ11: 117 | AK11: 117 | AL11: 117 | AM11: 117 | AN11: 117 | AO11: 117 | AP11: 117 | AQ11: 117 | AR11: 117 | AS11: 117 | AT11: 117 | AU11: 117 | AV11: 117 | AW11: 117 | AX11: 117 | AY11: 117 | AZ11: 117 | BA11: 117 | BB11: 117 | BC11: 117 | BD11: 117 | BE11: 117 | BF11: 117 | BG11: =SUM(E11:BF11) -> 6318 | BH11: =BG12 -> 6875.16 | BI11: =BG11/BF11 -> 54
C12: الكميه المنفذه | E12: 0 | F12: 0 | G12: 0 | H12: 859.395 | I12: 859.395 | J12: 0 | K12: 0 | L12: 0 | M12: 0 | N12: 0 | O12: 0 | P12: 0 | Q12: 0 | R12: 0 | S12: 0 | T12: 0 | U12: 0 | V12: 0 | W12: 0 | X12: 0 | Y12: 0 | Z12: 0 | AA12: 0 | AB12: 0 | AC12: 0 | AD12: 0 | AE12: 572.93 | AF12: 0 | AG12: 0 | AH12: 0 | AI12: 859.395 | AJ12: 0 | AK12: 0 | AL12: 0 | AM12: 0 | AN12: 0 | AO12: 859.395 | AP12: 0 | AQ12: 0 | AR12: 0 | AS12: 0 | AT12: 859.395 | AU12: 0 | AV12: 0 | AW12: 0 | AX12: 0 | AY12: 0 | AZ12: 0 | BA12: 0 | BB12: 0 | BC12: 0 | BD12: 572.93 | BE12: 572.93 | BF12: 859.395 | BG12: =SUM(E12:BF12) -> 6875.16 | BI12: =BG12/BF12 -> 8
A13: بند (2-1) بالمتر المكعب خرسانه عاديه للاساسات | C13: الكميه بالمقايسه | E13: 188 | F13: 188 | G13: 188 | H13: 188 | I13: 188 | J13: 188 | K13: 188 | L13: 188 | M13: 188 | N13: 188 | O13: 188 | P13: 188 | Q13: 188 | R13: 188 | S13: 188 | T13: 188 | U13: 188 | V13: 188 | W13: 188 | X13: 188 | Y13: 188 | Z13: 188 | AA13: 188 | AB13: 188 | AC13: 188 | AD13: 188 | AE13: 188 | AF13: 188 | AG13: 188 | AH13: 188 | AI13: 188 | AJ13: 188 | AK13: 188 | AL13: 188 | AM13: 188 | AN13: 188 | AO13: 188 | AP13: 188 | AQ13: 188 | AR13: 188 | AS13: 188 | AT13: 188 | AU13: 188 | AV13: 188 | AW13: 188 | AX13: 188 | AY13: 188 | AZ13: 188 | BA13: 188 | BB13: 188 | BC13: 188 | BD13: 188 | BE13: 188 | BF13: 188 | BG13: =SUM(E13:BF13) -> 10152 | BH13: =BG14 -> 10218.04 | BI13: =BG13/BF13 -> 54
C14: الكميه المنفذه | E14: 189.348 | F14: 189.348 | G14: 189.348 | H14: 189.348 | I14: 189.348 | J14: 189.348 | K14: 189.348 | L14: 189.348 | M14: 189.348 | N14: 189.348 | O14: 189.348 | P14: 189.348 | Q14: 189.348 | R14: 189.348 | S14: 189.348 | T14: 189.348 | U14: 189.348 | V14: 189.348 | W14: 189.348 | X14: 189.348 | Y14: 189.348 | Z14: 189.348 | AA14: 187.824 | AB14: 186.14 | AC14: 187.824 | AD14: 189.348 | AE14: 189.348 | AF14: 189.348 | AG14: 189.348 | AH14: 189.348 | AI14: 189.348 | AJ14: 189.348 | AK14: 189.348 | AL14: 189.348 | AM14: 189.348 | AN14: 189.348 | AO14: 189.348 | AP14: 189.348 | AQ14: 189.348 | AR14: 189.348 | AS14: 189.348 | AT14: 189.348 | AU14: 189.348 | AV14: 189.348 | AW14: 189.348 | AX14: 189.348 | AY14: 189.348 | AZ14: 189.348 | BA14: 189.348 | BB14: 189.348 | BC14: 189.348 | BD14: 189.348 | BE14: 189.2 | BF14: 189 | BG14: =SUM(E14:BF14) -> 10218.04 | BI14: =BG14/BF14 -> 54.063704 | BK14: =AX14+AI14+AH14+AG14+AC14+AB14+AA14+X14+W14 -> 1697.876 | BL14: =3*188 -> 564 | BM14: =BK14-BL14 -> 1133.876
A15: بند (2-2) بالمتر المكعب خرسانه مسلحه للاساسات | C15: الكميه بالمقايسه | E15: 200 | F15: 200 | G15: 200 | H15: 200 | I15: 200 | J15: 200 | K15: 200 | L15: 200 | M15: 200 | N15: 200 | O15: 200 | P15: 200 | Q15: 200 | R15: 200 | S15: 200 | T15: 200 | U15: 200 | V15: 200 | W15: 200 | X15: 200 | Y15: 200 | Z15: 200 | AA15: 200 | AB15: 200 | AC15: 200 | AD15: 200 | AE15: 200 | AF15: 200 | AG15: 200 | AH15: 200 | AI15: 200 | AJ15: 200 | AK15: 200 | AL15: 200 | AM15: 200 | AN15: 200 | AO15: 200 | AP15: 200 | AQ15: 200 | AR15: 200 | AS15: 200 | AT15: 200 | AU15: 200 | AV15: 200 | AW15: 200 | AX15: 200 | AY15: 200 | AZ15: 200 | BA15: 200 | BB15: 200 | BC15: 200 | BD15: 200 | BE15: 200 | BF15: 200 | BG15: =SUM(E15:BF15) -> 10800 | BH15: =BG16 -> 9445.236 | BI15: =BG15/BF15 -> 54
C16: الكميه المنفذه | E16: 166.752 | F16: 166.752 | G16: 166.752 | H16: 225.397 | I16: 225.397 | J16: 166.752 | K16: 166.752 | L16: 166.752 | M16: 166.752 | N16: 166.752 | O16: 166.752 | P16: 166.752 | Q16: 166.752 | R16: 166.752 | S16: 166.752 | T16: 166.752 | U16: 166.752 | V16: 166.752 | W16: 166.752 | X16: 166.752 | Y16: 166.752 | Z16: 166.752 | AA16: 167.562 | AB16: 168.372 | AC16: 167.562 | AD16: 166.752 | AE16: 166.752 | AF16: 166.752 | AG16: 195.735 | AH16: 195.735 | AI16: 225.397 | AJ16: 166.752 | AK16: 166.752 | AL16: 166.752 | AM16: 166.752 | AN16: 166.752 | AO16: 225.397 | AP16: 166.752 | AQ16: 166.752 | AR16: 166.752 | AS16: 166.752 | AT16: 225.397 | AU16: 166.752 | AV16: 166.752 | AW16: 166.752 | AX16: 195.735 | AY16: 166.752 | AZ16: 166.752 | BA16: 166.752 | BB16: 166.752 | BC16: 166.752 | BD16: 195.735 | BE16: 195.735 | BF16: 166 | BG16: =SUM(E16:BF16) -> 9445.236 | BI16: =BG16/175 -> 53.972777 | BK16: =AX16+AI16+AH16+AG16+AF16+AE16+Y16+X16+W16 -> 1646.362
A17: بند ( 3-1 ) بالمتر المسطح عمل دكة خرسانة مسلحة | C17: الكميه بالمقايسه | E17: 330 | F17: 330 | G17: 330 | H17: 330 | I17: 330 | J17: 330 | K17: 330 | L17: 330 | M17: 330 | N17: 330 | O17: 330 | P17: 330 | Q17: 330 | R17: 330 | S17: 330 | T17: 330 | U17: 330 | V17: 330 | W17: 330 | X17: 330 | Y17: 330 | Z17: 330 | AA17: 330 | AB17: 330 | AC17: 330 | AD17: 330 | AE17: 330 | AF17: 330 | AG17: 330 | AH17: 330 | AI17: 330 | AJ17: 330 | AK17: 330 | AL17: 330 | AM17: 330 | AN17: 330 | AO17: 330 | AP17: 330 | AQ17: 330 | AR17: 330 | AS17: 330 | AT17: 330 | AU17: 330 | AV17: 330 | AW17: 330 | AX17: 330 | AY17: 330 | AZ17: 330 | BA17: 330 | BB17: 330 | BC17: 330 | BD17: 330 | BE17: 330 | BF17: 330 | BG17: =SUM(E17:BF17) -> 17820 | BH17: =BG18 -> 18770.319 | BI17: =BG17/BF17 -> 54
C18: الكميه المنفذه | E18: 347.5985 | F18: 347.5985 | G18: 347.5985 | H18: 347.5985 | I18: 347.5985 | J18: 347.5985 | K18: 347.5985 | L18: 347.5985 | M18: 347.5985 | N18: 347.5985 | O18: 347.5985 | P18: 347.5985 | Q18: 347.5985 | R18: 347.5985 | S18: 347.5985 | T18: 347.5985 | U18: 347.5985 | V18: 347.5985 | W18: 347.5985 | X18: 347.5985 | Y18: 347.5985 | Z18: 347.5985 | AA18: 347.5985 | AB18: 347.5985 | AC18: 347.5985 | AD18: 347.5985 | AE18: 347.5985 | AF18: 347.5985 | AG18: 347.5985 | AH18: 347.5985 | AI18: 347.5985 | AJ18: 347.5985 | AK18: 347.5985 | AL18: 347.5985 | AM18: 347.5985 | AN18: 347.5985 | AO18: 347.5985 | AP18: 347.5985 | AQ18: 347.5985 | AR18: 347.5985 | AS18: 347.5985 | AT18: 347.5985 | AU18: 347.5985 | AV18: 347.5985 | AW18: 347.5985 | AX18: 347.5985 | AY18: 347.5985 | AZ18: 347.5985 | BA18: 347.5985 | BB18: 347.5985 | BC18: 347.5985 | BD18: 347.5985 | BE18: 347.5985 | BF18: 347.5985 | BG18: =SUM(E18:BF18) -> 18770.319 | BI18: =BG18/BF18 -> 54
A19: بند ( 3-2 ) بالمتر المسطح عمل خرسانه خفيفه لتخليق ميول الاسطح | C19: الكميه بالمقايسه | E19: 330 | F19: 330 | G19: 330 | H19: 330 | I19: 330 | J19: 330 | K19: 330 | L19: 330 | M19: 330 | N19: 330 | O19: 330 | P19: 330 | Q19: 330 | R19: 330 | S19: 330 | T19: 330 | U19: 330 | V19: 330 | W19: 330 | X19: 330 | Y19: 330 | Z19: 330 | AA19: 330 | AB19: 330 | AC19: 330 | AD19: 330 | AE19: 330 | AF19: 330 | AG19: 330 | AH19: 330 | AI19: 330 | AJ19: 330 | AK19: 330 | AL19: 330 | AM19: 330 | AN19: 330 | AO19: 330 | AP19: 330 | AQ19: 330 | AR19: 330 | AS19: 330 | AT19: 330 | AU19: 330 | AV19: 330 | AW19: 330 | AX19: 330 | AY19: 330 | AZ19: 330 | BA19: 330 | BB19: 330 | BC19: 330 | BD19: 330 | BE19: 330 | BF19: 330 | BG19: =SUM(E19:BF19) -> 17820 | BH19: =BG20 -> 18145.08 | BI19: =BG19/BF19 -> 54
C20: الكميه المنفذه | E20: 336.02 | F20: 336.02 | G20: 336.02 | H20: 336.02 | I20: 336.02 | J20: 336.02 | K20: 336.02 | L20: 336.02 | M20: 336.02 | N20: 336.02 | O20: 336.02 | P20: 336.02 | Q20: 336.02 | R20: 336.02 | S20: 336.02 | T20: 336.02 | U20: 336.02 | V20: 336.02 | W20: 336.02 | X20: 336.02 | Y20: 336.02 | Z20: 336.02 | AA20: 336.02 | AB20: 336.02 | AC20: 336.02 | AD20: 336.02 | AE20: 336.02 | AF20: 336.02 | AG20: 336.02 | AH20: 336.02 | AI20: 336.02 | AJ20: 336.02 | AK20: 336.02 | AL20: 336.02 | AM20: 336.02 | AN20: 336.02 | AO20: 336.02 | AP20: 336.02 | AQ20: 336.02 | AR20: 336.02 | AS20: 336.02 | AT20: 336.02 | AU20: 336.02 | AV20: 336.02 | AW20: 336.02 | AX20: 336.02 | AY20: 336.02 | AZ20: 336.02 | BA20: 336.02 | BB20: 336.02 | BC20: 336.02 | BD20: 336.02 | BE20: 336.02 | BF20: 336.02 | BG20: =SUM(E20:BF20) -> 18145.08 | BI20: =BG20/BF20 -> 54
A21: بند ( 3 - 3 ) أعمال الهيكل ( أسقف وسلالم ) | C21: الكميه بالمقايسه | E21: 385 | F21: 385 | G21: 385 | H21: 385 | I21: 385 | J21: 385 | K21: 385 | L21: 385 | M21: 385 | N21: 385 | O21: 385 | P21: 385 | Q21: 385 | R21: 385 | S21: 385 | T21: 385 | U21: 385 | V21: 385 | W21: 385 | X21: 385 | Y21: 385 | Z21: 385 | AA21: 385 | AB21: 385 | AC21: 385 | AD21: 385 | AE21: 385 | AF21: 385 | AG21: 385 | AH21: 385 | AI21: 385 | AJ21: 385 | AK21: 385 | AL21: 385 | AM21: 385 | AN21: 385 | AO21: 385 | AP21: 385 | AQ21: 385 | AR21: 385 | AS21: 385 | AT21: 385 | AU21: 385 | AV21: 385 | AW21: 385 | AX21: 385 | AY21: 385 | AZ21: 385 | BA21: 385 | BB21: 385 | BC21: 385 | BD21: 385 | BE21: 385 | BF21: 385 | BG21: =SUM(E21:BF21) -> 20790 | BI21: =BG21/BF21 -> 54
B22: بوادي السلالم | C22: الكميه المنفذه | E22: 1.653 | F22: 1.1974 | G22: 1.61883 | H22: 1.1974 | I22: 1.1974 | J22: 1.4252 | K22: 1.1974 | L22: 1.1974 | M22: 1.18601 | N22: 1.1974 | O22: 1.3113 | P22: 1.1974 | Q22: 1.3113 | R22: 1.58466 | S22: 1.77829 | T22: 1.74412 | U22: 1.49354 | V22: 1.9947 | W22: 1.9947 | X22: 1.1974 | Y22: 1.4252 | Z22: 1.1974 | AA22: 1.7669 | AB22: 1.7669 | AC22: 1.7669 | AD22: 1.92636 | AE22: 1.1974 | AF22: 1.1974 | AG22: 1.36825 | AH22: 1.1974 | AI22: 1.1974 | AJ22: 1.22018 | AK22: 1.63022 | AL22: 1.1974 | AM22: 1.7669 | AN22: 1.82385 | AO22: 1.1974 | AP22: 1.56188 | AQ22: 1.1974 | AR22: 1.48215 | AS22: 1.90358 | AT22: 1.1974 | AU22: 1.73273 | AV22: 1.1974 | AW22: 1.1974 | AX22: 1.1974 | AY22: 1.1974 | AZ22: 1.7669 | BA22: 1.7669 | BB22: 1.5391 | BC22: 1.1974 | BD22: 1.1974 | BE22: 1.1974 | BF22: 1.1974 | BG22: =SUM(E22:BF22) -> 77.24555 | BH22: =SUM(BG22:BG29) -> 20893.607
B23: سقف الارضى | C23: الكميه المنفذه | E23: 63.636395 | F23: 63.636395 | G23: 63.636395 | H23: 63.636395 | I23: 63.636395 | J23: 63.636395 | K23: 63.636395 | L23: 63.636395 | M23: 63.636395 | N23: 63.636395 | O23: 63.636395 | P23: 63.636395 | Q23: 63.636395 | R23: 63.636395 | S23: 63.636395 | T23: 63.636395 | U23: 63.636395 | V23: 63.636395 | W23: 63.636395 | X23: 63.636395 | Y23: 63.636395 | Z23: 63.636395 | AA23: 63.636395 | AB23: 63.636395 | AC23: 63.636395 | AD23: 63.636395 | AE23: 63.636395 | AF23: 63.636395 | AG23: 63.636395 | AH23: 63.636395 | AI23: 63.636395 | AJ23: 63.636395 | AK23: 63.636395 | AL23: 63.636395 | AM23: 63.636395 | AN23: 63.636395 | AO23: 63.636395 | AP23: 63.636395 | AQ23: 63.636395 | AR23: 63.636395 | AS23: 63.636395 | AT23: 63.636395 | AU23: 63.636395 | AV23: 63.636395 | AW23: 63.636395 | AX23: 63.636395 | AY23: 63.636395 | AZ23: 63.636395 | BA23: 63.636395 | BB23: 63.636395 | BC23: 63.636395 | BD23: 63.636395 | BE23: 63.636395 | BF23: 63.636395 | BG23: =SUM(E23:BF23) -> 3436.3653 | BI23: =BG23/BF23 -> 54 | BM23: عناصر فى طلبية الحديد
B24: سقف الاول | C24: الكميه المنفذه | E24: 59.99 | F24: 59.99 | G24: 59.99 | H24: 59.99 | I24: 59.99 | J24: 59.99 | K24: 59.99 | L24: 59.99 | M24: 59.99 | N24: 59.99 | O24: 59.99 | P24: 59.99 | Q24: 59.99 | R24: 59.99 | S24: 59.99 | T24: 59.99 | U24: 59.99 | V24: 59.99 | W24: 59.99 | X24: 59.99 | Y24: 59.99 | Z24: 59.99 | AA24: 59.99 | AB24: 59.99 | AC24: 59.99 | AD24: 59.99 | AE24: 59.99 | AF24: 59.99 | AG24: 59.99 | AH24: 59.99 | AI24: 59.99 | AJ24: 59.99 | AK24: 59.99 | AL24: 59.99 | AM24: 59.99 | AN24: 59.99 | AO24: 59.99 | AP24: 59.99 | AQ24: 59.99 | AR24: 59.99 | AS24: 59.99 | AT24: 59.99 | AU24: 59.99 | AV24: 59.99 | AW24: 59.99 | AX24: 59.99 | AY24: 59.99 | AZ24: 59.99 | BA24: 59.99 | BB24: 59.99 | BC24: 59.99 | BD24: 59.99 | BE24: 59.99 | BF24: 59.99 | BG24: =SUM(E24:BF24) -> 3239.46 | BI24: =BG24/BF24 -> 54 | BM24: عناصر كانت موجودة فى طلبية ال 1000 طن
B25: سقف الثانى | C25: الكميه المنفذه | E25: 60.065 | F25: 60.065 | G25: 60.065 | H25: 60.065 | I25: 60.065 | J25: 60.065 | K25: 60.065 | L25: 60.065 | M25: 60.065 | N25: 60.065 | O25: 60.065 | P25: 60.065 | Q25: 60.065 | R25: 60.065 | S25: 60.065 | T25: 60.065 | U25: 60.065 | V25: 60.065 | W25: 60.065 | X25: 60.065 | Y25: 60.065 | Z25: 60.065 | AA25: 60.065 | AB25: 60.065 | AC25: 60.065 | AD25: 60.065 | AE25: 60.065 | AF25: 60.065 | AG25: 60.065 | AH25: 60.065 | AI25: 60.065 | AJ25: 60.065 | AK25: 60.065 | AL25: 60.065 | AM25: 60.065 | AN25: 60.065 | AO25: 60.065 | AP25: 60.065 | AQ25: 60.065 | AR25: 60.065 | AS25: 60.065 | AT25: 60.065 | AU25: 60.065 | AV25: 60.065 | AW25: 60.065 | AX25: 60.065 | AY25: 60.065 | AZ25: 60.065 | BA25: 60.065 | BB25: 60.065 | BC25: 60.065 | BD25: 60.065 | BE25: 60.065 | BF25: 60.065 | BG25: =SUM(E25:BF25) -> 3243.51 | BI25: =BG25/BF25 -> 54 | BM25: عناصر جديدة تم توفيرها من التنفيذ
B26: سقف الثالث | C26: الكميه المنفذه | E26: 59.825725 | F26: 59.825725 | G26: 59.825725 | H26: 59.825725 | I26: 59.825725 | J26: 59.825725 | K26: 59.825725 | L26: 59.825725 | M26: 59.825725 | N26: 59.825725 | O26: 59.825725 | P26: 59.825725 | Q26: 59.825725 | R26: 59.825725 | S26: 59.825725 | T26: 59.825725 | U26: 59.825725 | V26: 59.825725 | W26: 59.825725 | X26: 59.825725 | Y26: 59.825725 | Z26: 59.825725 | AA26: 59.825725 | AB26: 59.825725 | AC26: 59.825725 | AD26: 59.825725 | AE26: 59.825725 | AF26: 59.825725 | AG26: 59.825725 | AH26: 59.825725 | AI26: 59.825725 | AJ26: 59.825725 | AK26: 59.825725 | AL26: 59.825725 | AM26: 59.825725 | AN26: 59.825725 | AO26: 59.825725 | AP26: 59.825725 | AQ26: 59.825725 | AR26: 59.825725 | AS26: 59.825725 | AT26: 59.825725 | AU26: 59.825725 | AV26: 59.825725 | AW26: 59.825725 | AX26: 59.825725 | AY26: 59.825725 | AZ26: 59.825725 | BA26: 59.825725 | BB26: 59.825725 | BC26: 59.825725 | BD26: 59.825725 | BE26: 59.825725 | BF26: 59.825725 | BG26: =SUM(E26:BF26) -> 3230.5892 | BI26: =BG26/BF26 -> 54
B27: سقف الرابع | C27: الكميه المنفذه | E27: 61.187773 | F27: 61.187773 | G27: 61.187773 | H27: 61.187773 | I27: 61.187773 | J27: 61.187773 | K27: 61.187773 | L27: 61.187773 | M27: 61.187773 | N27: 61.187773 | O27: 61.187773 | P27: 61.187773 | Q27: 61.187773 | R27: 61.187773 | S27: 61.187773 | T27: 61.187773 | U27: 61.187773 | V27: 61.187773 | W27: 61.187773 | X27: 61.187773 | Y27: 61.187773 | Z27: 61.187773 | AA27: 61.187773 | AB27: 61.187773 | AC27: 61.187773 | AD27: 61.187773 | AE27: 61.187773 | AF27: 61.187773 | AG27: 61.187773 | AH27: 61.187773 | AI27: 61.187773 | AJ27: 61.187773 | AK27: 61.187773 | AL27: 61.187773 | AM27: 61.187773 | AN27: 61.187773 | AO27: 61.187773 | AP27: 61.187773 | AQ27: 61.187773 | AR27: 61.187773 | AS27: 61.187773 | AT27: 61.187773 | AU27: 61.187773 | AV27: 61.187773 | AW27: 61.187773 | AX27: 61.187773 | AY27: 61.187773 | AZ27: 61.187773 | BA27: 61.187773 | BB27: 61.187773 | BC27: 61.187773 | BD27: 61.187773 | BE27: 61.187773 | BF27: 61.187773 | BG27: =SUM(E27:BF27) -> 3304.1397 | BI27: =BG27/BF27 -> 54
B28: سقف الخامس | C28: الكميه المنفذه | E28: 70.951319 | F28: 70.951319 | G28: 70.951319 | H28: 70.951319 | I28: 70.951319 | J28: 70.951319 | K28: 70.951319 | L28: 70.951319 | M28: 70.951319 | N28: 70.951319 | O28: 70.951319 | P28: 70.951319 | Q28: 70.951319 | R28: 70.951319 | S28: 70.951319 | T28: 70.951319 | U28: 70.951319 | V28: 70.951319 | W28: 70.951319 | X28: 70.951319 | Y28: 70.951319 | Z28: 70.951319 | AA28: 70.951319 | AB28: 70.951319 | AC28: 70.951319 | AD28: 70.951319 | AE28: 70.951319 | AF28: 70.951319 | AG28: 70.951319 | AH28: 70.951319 | AI28: 70.951319 | AJ28: 70.951319 | AK28: 70.951319 | AL28: 70.951319 | AM28: 70.951319 | AN28: 70.951319 | AO28: 70.951319 | AP28: 70.951319 | AQ28: 70.951319 | AR28: 70.951319 | AS28: 70.951319 | AT28: 70.951319 | AU28: 70.951319 | AV28: 70.951319 | AW28: 70.951319 | AX28: 70.951319 | AY28: 70.951319 | AZ28: 70.951319 | BA28: 70.951319 | BB28: 70.951319 | BC28: 70.951319 | BD28: 70.951319 | BE28: 70.951319 | BF28: 70.951319 | BG28: =SUM(E28:BF28) -> 3831.3712 | BI28: =BG28/BF28 -> 54
B29: طبان دروة السطح | C29: الكميه المنفذه | E29: 9.83196 | F29: 9.83196 | G29: 9.83196 | H29: 9.83196 | I29: 9.83196 | J29: 9.83196 | K29: 9.83196 | L29: 9.83196 | M29: 9.83196 | N29: 9.83196 | O29: 9.83196 | P29: 9.83196 | Q29: 9.83196 | R29: 9.83196 | S29: 9.83196 | T29: 9.83196 | U29: 9.83196 | V29: 9.83196 | W29: 9.83196 | X29: 9.83196 | Y29: 9.83196 | Z29: 9.83196 | AA29: 9.83196 | AB29: 9.83196 | AC29: 9.83196 | AD29: 9.83196 | AE29: 9.83196 | AF29: 9.83196 | AG29: 9.83196 | AH29: 9.83196 | AI29: 9.83196 | AJ29: 9.83196 | AK29: 9.83196 | AL29: 9.83196 | AM29: 9.83196 | AN29: 9.83196 | AO29: 9.83196 | AP29: 9.83196 | AQ29: 9.83196 | AR29: 9.83196 | AS29: 9.83196 | AT29: 9.83196 | AU29: 9.83196 | AV29: 9.83196 | AW29: 9.83196 | AX29: 9.83196 | AY29: 9.83196 | AZ29: 9.83196 | BA29: 9.83196 | BB29: 9.83196 | BC29: 9.83196 | BD29: 9.83196 | BE29: 9.83196 | BF29: 9.83196 | BG29: =SUM(E29:BF29) -> 530.92584 | BI29: =BG29/BF29 -> 54
A30: بند ( 3 - 3 ) أعمال الهيكل ( أعمدة ) | C30: الكميه بالمقايسه | E30: 121 | F30: 121 | G30: 121 | H30: 121 | I30: 121 | J30: 121 | K30: 121 | L30: 121 | M30: 121 | N30: 121 | O30: 121 | P30: 121 | Q30: 121 | R30: 121 | S30: 121 | T30: 121 | U30: 121 | V30: 121 | W30: 121 | X30: 121 | Y30: 121 | Z30: 121 | AA30: 121 | AB30: 121 | AC30: 121 | AD30: 121 | AE30: 121 | AF30: 121 | AG30: 121 | AH30: 121 | AI30: 121 | AJ30: 121 | AK30: 121 | AL30: 121 | AM30: 121 | AN30: 121 | AO30: 121 | AP30: 121 | AQ30: 121 | AR30: 121 | AS30: 121 | AT30: 121 | AU30: 121 | AV30: 121 | AW30: 121 | AX30: 121 | AY30: 121 | AZ30: 121 | BA30: 121 | BB30: 121 | BC30: 121 | BD30: 121 | BE30: 121 | BF30: 121 | BG30: =SUM(E30:BF30) -> 6534 | BI30: =BG30/BF30 -> 54
B31: أعمدة أرضي | C31: الكميه المنفذه | E31: 37.11 | F31: 34.03 | G31: 36.88 | H31: 34.03 | I31: 34.03 | J31: 35.57 | K31: 34.03 | L31: 34.03 | M31: 33.96 | N31: 34.03 | O31: 34.8 | P31: 34.03 | Q31: 34.8 | R31: 36.64 | S31: 37.95 | T31: 37.72 | U31: 36.03 | V31: 39.41 | W31: 39.41 | X31: 34.03878 | Y31: 35.57478 | Z31: 34.03878 | AA31: 37.87878 | AB31: 37.87878 | AC31: 37.87878 | AD31: 38.95398 | AE31: 34.03878 | AF31: 34.03878 | AG31: 35.19078 | AH31: 34.03878 | AI31: 34.03878 | AJ31: 34.19238 | AK31: 36.95718 | AL31: 34.03878 | AM31: 37.87878 | AN31: 38.26278 | AO31: 34.03878 | AP31: 36.49638 | AQ31: 34.03878 | AR31: 35.95878 | AS31: 38.80038 | AT31: 34.03878 | AU31: 37.64838 | AV31: 34.03878 | AW31: 34.03878 | AX31: 34.03878 | AY31: 34.03878 | AZ31: 37.87878 | BA31: 37.87878 | BB31: 36.34278 | BC31: 34.03878 | BD31: 34.03878 | BE31: 34.03878 | BF31: 34.03878 | BG31: =SUM(E31:BF31) -> 1922.8393 | BH31: =SUM(BG31:BG37) -> 6476.3472 | BI31: =BG31/37 -> 51.96863
B32: اعمده الاول | C32: الكميه المنفذه | E32: 18.03082 | F32: 18.03082 | G32: 18.03082 | H32: 18.03082 | I32: 18.03082 | J32: 18.03082 | K32: 18.03082 | L32: 18.03082 | M32: 18.03082 | N32: 18.03082 | O32: 18.03082 | P32: 18.03082 | Q32: 18.03082 | R32: 18.03082 | S32: 18.03082 | T32: 18.03082 | U32: 18.03082 | V32: 18.03082 | W32: 18.03082 | X32: 18.03082 | Y32: 18.03082 | Z32: 18.03082 | AA32: 18.03082 | AB32: 18.03082 | AC32: 18.03082 | AD32: 18.03082 | AE32: 18.03082 | AF32: 18.03082 | AG32: 18.03082 | AH32: 18.03082 | AI32: 18.03082 | AJ32: 18.03082 | AK32: 18.03082 | AL32: 18.03082 | AM32: 18.03082 | AN32: 18.03082 | AO32: 18.03082 | AP32: 18.03082 | AQ32: 18.03082 | AR32: 18.03082 | AS32: 18.03082 | AT32: 18.03082 | AU32: 18.03082 | AV32: 18.03082 | AW32: 18.03082 | AX32: 18.03082 | AY32: 18.03082 | AZ32: 18.03082 | BA32: 18.03082 | BB32: 18.03082 | BC32: 18.03082 | BD32: 18.03082 | BE32: 18.03082 | BF32: 18.03082 | BG32: =SUM(E32:BF32) -> 973.66428 | BI32: =BG32/BF32 -> 54
B33: اعمده ثانى | C33: الكميه المنفذه | E33: 17.5954 | F33: 17.5954 | G33: 17.5954 | H33: 17.5954 | I33: 17.5954 | J33: 17.5954 | K33: 17.5954 | L33: 17.5954 | M33: 17.5954 | N33: 17.5954 | O33: 17.5954 | P33: 17.5954 | Q33: 17.5954 | R33: 17.5954 | S33: 17.5954 | T33: 17.5954 | U33: 17.5954 | V33: 17.5954 | W33: 17.5954 | X33: 17.5954 | Y33: 17.5954 | Z33: 17.5954 | AA33: 17.5954 | AB33: 17.5954 | AC33: 17.5954 | AD33: 17.5954 | AE33: 17.5954 | AF33: 17.5954 | AG33: 17.5954 | AH33: 17.5954 | AI33: 17.5954 | AJ33: 17.5954 | AK33: 17.5954 | AL33: 17.5954 | AM33: 17.5954 | AN33: 17.5954 | AO33: 17.5954 | AP33: 17.5954 | AQ33: 17.5954 | AR33: 17.5954 | AS33: 17.5954 | AT33: 17.5954 | AU33: 17.5954 | AV33: 17.5954 | AW33: 17.5954 | AX33: 17.5954 | AY33: 17.5954 | AZ33: 17.5954 | BA33: 17.5954 | BB33: 17.5954 | BC33: 17.5954 | BD33: 17.5954 | BE33: 17.5954 | BF33: 17.5954 | BG33: =SUM(E33:BF33) -> 950.1516 | BI33: =BG33/BF33 -> 54 | BJ33: 1618
B34: اعمده ثالت | C34: الكميه المنفذه | E34: 15.5684 | F34: 15.5684 | G34: 15.5684 | H34: 15.5684 | I34: 15.5684 | J34: 15.5684 | K34: 15.5684 | L34: 15.5684 | M34: 15.5684 | N34: 15.5684 | O34: 15.5684 | P34: 15.5684 | Q34: 15.5684 | R34: 15.5684 | S34: 15.5684 | T34: 15.5684 | U34: 15.5684 | V34: 15.5684 | W34: 15.5684 | X34: 15.5684 | Y34: 15.5684 | Z34: 15.5684 | AA34: 15.5684 | AB34: 15.5684 | AC34: 15.5684 | AD34: 15.5684 | AE34: 15.5684 | AF34: 15.5684 | AG34: 15.5684 | AH34: 15.5684 | AI34: 15.5684 | AJ34: 15.5684 | AK34: 15.5684 | AL34: 15.5684 | AM34: 15.5684 | AN34: 15.5684 | AO34: 15.5684 | AP34: 15.5684 | AQ34: 15.5684 | AR34: 15.5684 | AS34: 15.5684 | AT34: 15.5684 | AU34: 15.5684 | AV34: 15.5684 | AW34: 15.5684 | AX34: 15.5684 | AY34: 15.5684 | AZ34: 15.5684 | BA34: 15.5684 | BB34: 15.5684 | BC34: 15.5684 | BD34: 15.5684 | BE34: 15.5684 | BF34: 15.5684 | BG34: =SUM(E34:BF34) -> 840.6936 | BI34: =BG34/BF34 -> 54 | BJ34: 1919.05
B35: اعمده رابع | C35: الكميه المنفذه | E35: 15.5684 | F35: 15.5684 | G35: 15.5684 | H35: 15.5684 | I35: 15.5684 | J35: 15.5684 | K35: 15.5684 | L35: 15.5684 | M35: 15.5684 | N35: 15.5684 | O35: 15.5684 | P35: 15.5684 | Q35: 15.5684 | R35: 15.5684 | S35: 15.5684 | T35: 15.5684 | U35: 15.5684 | V35: 15.5684 | W35: 15.5684 | X35: 15.5684 | Y35: 15.5684 | Z35: 15.5684 | AA35: 15.5684 | AB35: 15.5684 | AC35: 15.5684 | AD35: 15.5684 | AE35: 15.5684 | AF35: 15.5684 | AG35: 15.5684 | AH35: 15.5684 | AI35: 15.5684 | AJ35: 15.5684 | AK35: 15.5684 | AL35: 15.5684 | AM35: 15.5684 | AN35: 15.5684 | AO35: 15.5684 | AP35: 15.5684 | AQ35: 15.5684 | AR35: 15.5684 | AS35: 15.5684 | AT35: 15.5684 | AU35: 15.5684 | AV35: 15.5684 | AW35: 15.5684 | AX35: 15.5684 | AY35: 15.5684 | AZ35: 15.5684 | BA35: 15.5684 | BB35: 15.5684 | BC35: 15.5684 | BD35: 15.5684 | BE35: 15.5684 | BF35: 15.5684 | BG35: =SUM(E35:BF35) -> 840.6936 | BI35: =BG35/BF35 -> 54 | BJ35: =BJ34-BJ33 -> 301.05 | BK35: =BE32+BB35+BA34+AZ32+AW31+AR33+AN31+AC33+AA33+S32+K31+G32+F33+E33 -> 297.56864
B36: اعمده خامس | C36: الكميه المنفذه | E36: 13.9862 | F36: 13.9862 | G36: 13.9862 | H36: 13.9862 | I36: 13.9862 | J36: 13.9862 | K36: 13.9862 | L36: 13.9862 | M36: 13.9862 | N36: 13.9862 | O36: 13.9862 | P36: 13.9862 | Q36: 13.9862 | R36: 13.9862 | S36: 13.9862 | T36: 13.9862 | U36: 13.9862 | V36: 13.9862 | W36: 13.9862 | X36: 13.9862 | Y36: 13.9862 | Z36: 13.9862 | AA36: 13.9862 | AB36: 13.9862 | AC36: 13.9862 | AD36: 13.9862 | AE36: 13.9862 | AF36: 13.9862 | AG36: 13.9862 | AH36: 13.9862 | AI36: 13.9862 | AJ36: 13.9862 | AK36: 13.9862 | AL36: 13.9862 | AM36: 13.9862 | AN36: 13.9862 | AO36: 13.9862 | AP36: 13.9862 | AQ36: 13.9862 | AR36: 13.9862 | AS36: 13.9862 | AT36: 13.9862 | AU36: 13.9862 | AV36: 13.9862 | AW36: 13.9862 | AX36: 13.9862 | AY36: 13.9862 | AZ36: 13.9862 | BA36: 13.9862 | BB36: 13.9862 | BC36: 13.9862 | BD36: 13.9862 | BE36: 13.9862 | BF36: 13.9862 | BG36: =SUM(E36:BF36) -> 755.2548 | BI36: =BG36/BF36 -> 54
B37: اعمده دروة السطح | C37: الكميه المنفذه | E37: 3.575 | F37: 3.575 | G37: 3.575 | H37: 3.575 | I37: 3.575 | J37: 3.575 | K37: 3.575 | L37: 3.575 | M37: 3.575 | N37: 3.575 | O37: 3.575 | P37: 3.575 | Q37: 3.575 | R37: 3.575 | S37: 3.575 | T37: 3.575 | U37: 3.575 | V37: 3.575 | W37: 3.575 | X37: 3.575 | Y37: 3.575 | Z37: 3.575 | AA37: 3.575 | AB37: 3.575 | AC37: 3.575 | AD37: 3.575 | AE37: 3.575 | AF37: 3.575 | AG37: 3.575 | AH37: 3.575 | AI37: 3.575 | AJ37: 3.575 | AK37: 3.575 | AL37: 3.575 | AM37: 3.575 | AN37: 3.575 | AO37: 3.575 | AP37: 3.575 | AQ37: 3.575 | AR37: 3.575 | AS37: 3.575 | AT37: 3.575 | AU37: 3.575 | AV37: 3.575 | AW37: 3.575 | AX37: 3.575 | AY37: 3.575 | AZ37: 3.575 | BA37: 3.575 | BB37: 3.575 | BC37: 3.575 | BD37: 3.575 | BE37: 3.575 | BF37: 3.575 | BG37: =SUM(E37:BF37) -> 193.05 | BI37: =BG37/BF37 -> 54
A38: مهندس الشركة | S38: مهندس الاشراف | AK38: مهندس الشركة | BF38: مهندس الاشراف
A39: بند / ارقام العمارات | E39: 300 | F39: 301 | G39: 302 | H39: 303 | I39: 304 | J39: 305 | K39: 306 | L39: 307 | M39: 308 | N39: 309 | O39: 310 | P39: 311 | Q39: 312 | R39: 313 | S39: 314 | T39: 315 | U39: 316 | V39: 317 | W39: 318 | X39: 319 | Y39: 320 | Z39: 321 | AA39: 322 | AB39: 323 | AC39: 324 | AD39: 325 | AE39: 326 | AF39: 327 | AG39: 328 | AH39: 329 | AI39: 330 | AJ39: 331 | AK39: 332 | AL39: 333 | AM39: 334 | AN39: 335 | AO39: 336 | AP39: 337 | AQ39: 338 | AR39: 339 | AS39: 340 | AT39: 341 | AU39: 342 | AV39: 343 | AW39: 344 | AX39: 345 | AY39: 346 | AZ39: 347 | BA39: 348 | BB39: 349 | BC39: 350 | BD39: 351 | BE39: 352 | BF39: 353 | BG39: اجمالى الكمية المنفذة | BH39: اجمالى الكمية فى المستخلص
A40: بند رقم(4-1) | B40: عزل الرطوبه للاسطح | C40: الكميه بالمقايسه | E40: 330 | F40: 330 | G40: 330 | H40: 330 | I40: 330 | J40: 330 | K40: 330 | L40: 330 | M40: 330 | N40: 330 | O40: 330 | P40: 330 | Q40: 330 | R40: 330 | S40: 330 | T40: 330 | U40: 330 | V40: 330 | W40: 330 | X40: 330 | Y40: 330 | Z40: 330 | AA40: 330 | AB40: 330 | AC40: 330 | AD40: 330 | AE40: 330 | AF40: 330 | AG40: 330 | AH40: 330 | AI40: 330 | AJ40: 330 | AK40: 330 | AL40: 330 | AM40: 330 | AN40: 330 | AO40: 330 | AP40: 330 | AQ40: 330 | AR40: 330 | AS40: 330 | AT40: 330 | AU40: 330 | AV40: 330 | AW40: 330 | AX40: 330 | AY40: 330 | AZ40: 330 | BA40: 330 | BB40: 330 | BC40: 330 | BD40: 330 | BE40: 330 | BF40: 330 | BG40: =SUM(E40:BF40) -> 17820 | BH40: =BG41 -> 18145.08 | BI40: =BG40/BF40 -> 54
C41: الكميه المنفذه | E41: 336.02 | F41: 336.02 | G41: 336.02 | H41: 336.02 | I41: 336.02 | J41: 336.02 | K41: 336.02 | L41: 336.02 | M41: 336.02 | N41: 336.02 | O41: 336.02 | P41: 336.02 | Q41: 336.02 | R41: 336.02 | S41: 336.02 | T41: 336.02 | U41: 336.02 | V41: 336.02 | W41: 336.02 | X41: 336.02 | Y41: 336.02 | Z41: 336.02 | AA41: 336.02 | AB41: 336.02 | AC41: 336.02 | AD41: 336.02 | AE41: 336.02 | AF41: 336.02 | AG41: 336.02 | AH41: 336.02 | AI41: 336.02 | AJ41: 336.02 | AK41: 336.02 | AL41: 336.02 | AM41: 336.02 | AN41: 336.02 | AO41: 336.02 | AP41: 336.02 | AQ41: 336.02 | AR41: 336.02 | AS41: 336.02 | AT41: 336.02 | AU41: 336.02 | AV41: 336.02 | AW41: 336.02 | AX41: 336.02 | AY41: 336.02 | AZ41: 336.02 | BA41: 336.02 | BB41: 336.02 | BC41: 336.02 | BD41: 336.02 | BE41: 336.02 | BF41: 336.02 | BG41: =SUM(E41:BF41) -> 18145.08 | BI41: =BG41/BF41 -> 54
A42: بند رقم(4-1) | B42: عزل الحراره | C42: الكميه بالمقايسه | E42: 330 | F42: 330 | G42: 330 | H42: 330 | I42: 330 | J42: 330 | K42: 330 | L42: 330 | M42: 330 | N42: 330 | O42: 330 | P42: 330 | Q42: 330 | R42: 330 | S42: 330 | T42: 330 | U42: 330 | V42: 330 | W42: 330 | X42: 330 | Y42: 330 | Z42: 330 | AA42: 330 | AB42: 330 | AC42: 330 | AD42: 330 | AE42: 330 | AF42: 330 | AG42: 330 | AH42: 330 | AI42: 330 | AJ42: 330 | AK42: 330 | AL42: 330 | AM42: 330 | AN42: 330 | AO42: 330 | AP42: 330 | AQ42: 330 | AR42: 330 | AS42: 330 | AT42: 330 | AU42: 330 | AV42: 330 | AW42: 330 | AX42: 330 | AY42: 330 | AZ42: 330 | BA42: 330 | BB42: 330 | BC42: 330 | BD42: 330 | BE42: 330 | BF42: 330 | BG42: =SUM(E42:BF42) -> 17820 | BH42: =BG43 -> 18145.08 | BI42: =BG42/BF42 -> 54
C43: الكميه المنفذه | E43: 336.02 | F43: 336.02 | G43: 336.02 | H43: 336.02 | I43: 336.02 | J43: 336.02 | K43: 336.02 | L43: 336.02 | M43: 336.02 | N43: 336.02 | O43: 336.02 | P43: 336.02 | Q43: 336.02 | R43: 336.02 | S43: 336.02 | T43: 336.02 | U43: 336.02 | V43: 336.02 | W43: 336.02 | X43: 336.02 | Y43: 336.02 | Z43: 336.02 | AA43: 336.02 | AB43: 336.02 | AC43: 336.02 | AD43: 336.02 | AE43: 336.02 | AF43: 336.02 | AG43: 336.02 | AH43: 336.02 | AI43: 336.02 | AJ43: 336.02 | AK43: 336.02 | AL43: 336.02 | AM43: 336.02 | AN43: 336.02 | AO43: 336.02 | AP43: 336.02 | AQ43: 336.02 | AR43: 336.02 | AS43: 336.02 | AT43: 336.02 | AU43: 336.02 | AV43: 336.02 | AW43: 336.02 | AX43: 336.02 | AY43: 336.02 | AZ43: 336.02 | BA43: 336.02 | BB43: 336.02 | BC43: 336.02 | BD43: 336.02 | BE43: 336.02 | BF43: 336.02 | BG43: =SUM(E43:BF43) -> 18145.08 | BI43: =BG43/BF43 -> 54
A44: بند رقم(4-3) | B44: اعمال العزل الحمامات | C44: الكميه بالمقايسه | E44: 106 | F44: 106 | G44: 106 | H44: 106 | I44: 106 | J44: 106 | K44: 106 | L44: 106 | M44: 106 | N44: 106 | O44: 106 | P44: 106 | Q44: 106 | R44: 106 | S44: 106 | T44: 106 | U44: 106 | V44: 106 | W44: 106 | X44: 106 | Y44: 106 | Z44: 106 | AA44: 106 | AB44: 106 | AC44: 106 | AD44: 106 | AE44: 106 | AF44: 106 | AG44: 106 | AH44: 106 | AI44: 106 | AJ44: 106 | AK44: 106 | AL44: 106 | AM44: 106 | AN44: 106 | AO44: 106 | AP44: 106 | AQ44: 106 | AR44: 106 | AS44: 106 | AT44: 106 | AU44: 106 | AV44: 106 | AW44: 106 | AX44: 106 | AY44: 106 | AZ44: 106 | BA44: 106 | BB44: 106 | BC44: 106 | BD44: 106 | BE44: 106 | BF44: 106 | BG44: =SUM(E44:BF44) -> 5724 | BH44: =BG45 -> 5724 | BI44: =BG44/BF44 -> 54
C45: الكميه المنفذه | E45: 106 | F45: 106 | G45: 106 | H45: 106 | I45: 106 | J45: 106 | K45: 106 | L45: 106 | M45: 106 | N45: 106 | O45: 106 | P45: 106 | Q45: 106 | R45: 106 | S45: 106 | T45: 106 | U45: 106 | V45: 106 | W45: 106 | X45: 106 | Y45: 106 | Z45: 106 | AA45: 106 | AB45: 106 | AC45: 106 | AD45: 106 | AE45: 106 | AF45: 106 | AG45: 106 | AH45: 106 | AI45: 106 | AJ45: 106 | AK45: 106 | AL45: 106 | AM45: 106 | AN45: 106 | AO45: 106 | AP45: 106 | AQ45: 106 | AR45: 106 | AS45: 106 | AT45: 106 | AU45: 106 | AV45: 106 | AW45: 106 | AX45: 106 | AY45: 106 | AZ45: 106 | BA45: 106 | BB45: 106 | BC45: 106 | BD45: 106 | BE45: 106 | BF45: 106 | BG45: =SUM(E45:BF45) -> 5724 | BI45: =BG45/BF45 -> 54
A46: بند رقم(4-4) | B46: اعمال العزل للاساسات | C46: الكميه بالمقايسه | E46: 795 | F46: 795 | G46: 795 | H46: 795 | I46: 795 | J46: 795 | K46: 795 | L46: 795 | M46: 795 | N46: 795 | O46: 795 | P46: 795 | Q46: 795 | R46: 795 | S46: 795 | T46: 795 | U46: 795 | V46: 795 | W46: 795 | X46: 795 | Y46: 795 | Z46: 795 | AA46: 795 | AB46: 795 | AC46: 795 | AD46: 795 | AE46: 795 | AF46: 795 | AG46: 795 | AH46: 795 | AI46: 795 | AJ46: 795 | AK46: 795 | AL46: 795 | AM46: 795 | AN46: 795 | AO46: 795 | AP46: 795 | AQ46: 795 | AR46: 795 | AS46: 795 | AT46: 795 | AU46: 795 | AV46: 795 | AW46: 795 | AX46: 795 | AY46: 795 | AZ46: 795 | BA46: 795 | BB46: 795 | BC46: 795 | BD46: 795 | BE46: 795 | BF46: 795 | BG46: =SUM(E46:BF46) -> 42930 | BH46: =SUM(BG47) -> 43504.253 | BI46: =BG46/BF46 -> 54
C47: الكميه المنفذه | E47: 797.18 | F47: 732.224 | G47: 792.3083 | H47: 1025.27 | I47: 1025.27 | J47: 764.702 | K47: 732.224 | L47: 732.224 | M47: 730.6001 | N47: 732.224 | O47: 748.463 | P47: 732.224 | Q47: 748.463 | R47: 787.4366 | S47: 815.0429 | T47: 810.1712 | U47: 774.4454 | V47: 845.897 | W47: 845.897 | X47: 732.224 | Y47: 764.702 | Z47: 732.224 | AA47: 809.292 | AB47: 805.115 | AC47: 809.292 | AD47: 836.1536 | AE47: 732.224 | AF47: 732.224 | AG47: 900.8425 | AH47: 876.484 | AI47: 1025.27 | AJ47: 735.4718 | AK47: 793.9322 | AL47: 732.224 | AM47: 813.419 | AN47: 821.5385 | AO47: 1025.27 | AP47: 784.1888 | AQ47: 732.224 | AR47: 772.8215 | AS47: 832.9058 | AT47: 1025.27 | AU47: 808.5473 | AV47: 732.224 | AW47: 732.224 | AX47: 876.484 | AY47: 732.224 | AZ47: 813.419 | BA47: 813.419 | BB47: 780.941 | BC47: 732.224 | BD47: 876.484 | BE47: 876.484 | BF47: 732 | BG47: =SUM(E47:BF47) -> 43504.253 | BI47: =BG47/805 -> 54.042551
A48: بند رقم(5-4) | B48: اعمال عزل اسفلتويد | C48: الكميه بالمقايسه | E48: 27 | F48: 27 | G48: 27 | H48: 27 | I48: 27 | J48: 27 | K48: 27 | L48: 27 | M48: 27 | N48: 27 | O48: 27 | P48: 27 | Q48: 27 | R48: 27 | S48: 27 | T48: 27 | U48: 27 | V48: 27 | W48: 27 | X48: 27 | Y48: 27 | Z48: 27 | AA48: 27 | AB48: 27 | AC48: 27 | AD48: 27 | AE48: 27 | AF48: 27 | AG48: 27 | AH48: 27 | AI48: 27 | AJ48: 27 | AK48: 27 | AL48: 27 | AM48: 27 | AN48: 27 | AO48: 27 | AP48: 27 | AQ48: 27 | AR48: 27 | AS48: 27 | AT48: 27 | AU48: 27 | AV48: 27 | AW48: 27 | AX48: 27 | AY48: 27 | AZ48: 27 | BA48: 27 | BB48: 27 | BC48: 27 | BD48: 27 | BE48: 27 | BF48: 27 | BG48: =SUM(E48:BF48) -> 1458 | BH48: =SUM(BG49) -> 1458 | BI48: =BG48/BF48 -> 54
C49: الكميه المنفذه | E49: 27 | F49: 27 | G49: 27 | H49: 27 | I49: 27 | J49: 27 | K49: 27 | L49: 27 | M49: 27 | N49: 27 | O49: 27 | P49: 27 | Q49: 27 | R49: 27 | S49: 27 | T49: 27 | U49: 27 | V49: 27 | W49: 27 | X49: 27 | Y49: 27 | Z49: 27 | AA49: 27 | AB49: 27 | AC49: 27 | AD49: 27 | AE49: 27 | AF49: 27 | AG49: 27 | AH49: 27 | AI49: 27 | AJ49: 27 | AK49: 27 | AL49: 27 | AM49: 27 | AN49: 27 | AO49: 27 | AP49: 27 | AQ49: 27 | AR49: 27 | AS49: 27 | AT49: 27 | AU49: 27 | AV49: 27 | AW49: 27 | AX49: 27 | AY49: 27 | AZ49: 27 | BA49: 27 | BB49: 27 | BC49: 27 | BD49: 27 | BE49: 27 | BF49: 27 | BG49: =SUM(E49:BF49) -> 1458 | BI49: =BG49/BF49 -> 54
A50: بند رقم(5-1) | B50: مباني طوب اسمنتي مصمت لزوم قصة الردم | C50: الكميه بالمقايسه | E50: 114 | F50: 114 | G50: 114 | H50: 114 | I50: 114 | J50: 114 | K50: 114 | L50: 114 | M50: 114 | N50: 114 | O50: 114 | P50: 114 | Q50: 114 | R50: 114 | S50: 114 | T50: 114 | U50: 114 | V50: 114 | W50: 114 | X50: 114 | Y50: 114 | Z50: 114 | AA50: 114 | AB50: 114 | AC50: 114 | AD50: 114 | AE50: 114 | AF50: 114 | AG50: 114 | AH50: 114 | AI50: 114 | AJ50: 114 | AK50: 114 | AL50: 114 | AM50: 114 | AN50: 114 | AO50: 114 | AP50: 114 | AQ50: 114 | AR50: 114 | AS50: 114 | AT50: 114 | AU50: 114 | AV50: 114 | AW50: 114 | AX50: 114 | AY50: 114 | AZ50: 114 | BA50: 114 | BB50: 114 | BC50: 114 | BD50: 114 | BE50: 114 | BF50: 114 | BG50: =SUM(E50:BF50) -> 6156 | BH50: =SUM(BG51) -> 5685.0812 | BI50: =BG50/BF50 -> 54
C51: الكميه المنفذه | E51: 123.3845 | F51: 97.0625 | G51: 121.41035 | H51: 59.2445 | I51: 59.2445 | J51: 110.2235 | K51: 97.0625 | L51: 97.0625 | M51: 96.40445 | N51: 97.0625 | O51: 103.643 | P51: 97.0625 | Q51: 103.643 | R51: 119.4362 | S51: 130.62305 | T51: 128.6489 | U51: 114.1718 | V51: 143.126 | W51: 143.126 | X51: 97.0625 | Y51: 110.2235 | Z51: 97.0625 | AA51: 129.733 | AB51: 129.5 | AC51: 129.733 | AD51: 139.1777 | AE51: 97.0625 | AF51: 97.0625 | AG51: 88.30175 | AH51: 78.431 | AI51: 59.2445 | AJ51: 98.3786 | AK51: 122.0684 | AL51: 97.0625 | AM51: 129.965 | AN51: 133.25525 | AO51: 59.2445 | AP51: 118.1201 | AQ51: 97.0625 | AR51: 113.51375 | AS51: 137.8616 | AT51: 59.2445 | AU51: 127.99085 | AV51: 97.0625 | AW51: 97.0625 | AX51: 78.431 | AY51: 97.0625 | AZ51: 129.965 | BA51: 129.965 | BB51: 116.804 | BC51: 97.0625 | BD51: 78.431 | BE51: 78.231 | BF51: 97 | BG51: =SUM(E51:BF51) -> 5685.0812 | BI51: =BG51/105 -> 54.143631
A52: مهندس الشركة | S52: مهندس الاشراف | AK52: مهندس الشركة | BF52: مهندس الاشراف
A53: بند / ارقام العمارات | E53: 300 | F53: 301 | G53: 302 | H53: 303 | I53: 304 | J53: 305 | K53: 306 | L53: 307 | M53: 308 | N53: 309 | O53: 310 | P53: 311 | Q53: 312 | R53: 313 | S53: 314 | T53: 315 | U53: 316 | V53: 317 | W53: 318 | X53: 319 | Y53: 320 | Z53: 321 | AA53: 322 | AB53: 323 | AC53: 324 | AD53: 325 | AE53: 326 | AF53: 327 | AG53: 328 | AH53: 329 | AI53: 330 | AJ53: 331 | AK53: 332 | AL53: 333 | AM53: 334 | AN53: 335 | AO53: 336 | AP53: 337 | AQ53: 338 | AR53: 339 | AS53: 340 | AT53: 341 | AU53: 342 | AV53: 343 | AW53: 344 | AX53: 345 | AY53: 346 | AZ53: 347 | BA53: 348 | BB53: 349 | BC53: 350 | BD53: 351 | BE53: 352 | BF53: 353 | BG53: اجمالى الكمية المنفذة | BH53: اجمالى الكمية فى المستخلص
A54: بند رقم(5-2) طوب طفلي لزوم حوائط الأدوار 25 سم | B54: طوب طفلي لزوم حوائط الأدوار 25 سم العمارة بالكامل | C54: الكميه بالمقايسه | E54: 100 | F54: 100 | G54: 100 | H54: 100 | I54: 100 | J54: 100 | K54: 100 | L54: 100 | M54: 100 | N54: 100 | O54: 100 | P54: 100 | Q54: 100 | R54: 100 | S54: 100 | T54: 100 | U54: 100 | V54: 100 | W54: 100 | X54: 100 | Y54: 100 | Z54: 100 | AA54: 100 | AB54: 100 | AC54: 100 | AD54: 100 | AE54: 100 | AF54: 100 | AG54: 100 | AH54: 100 | AI54: 100 | AJ54: 100 | AK54: 100 | AL54: 100 | AM54: 100 | AN54: 100 | AO54: 100 | AP54: 100 | AQ54: 100 | AR54: 100 | AS54: 100 | AT54: 100 | AU54: 100 | AV54: 100 | AW54: 100 | AX54: 100 | AY54: 100 | AZ54: 100 | BA54: 100 | BB54: 100 | BC54: 100 | BD54: 100 | BE54: 100 | BF54: 100 | BG54: =SUM(E54:BF54) -> 5400 | BH54: =SUM(BG55:BG60) -> 5209.137 | BI54: =BG54/BF54 -> 54
B55: طوب طفلي لزوم حوائط الأدوار 25 سم للدور الارضى | C55: الكميه المنفذه | E55: 16.32875 | F55: 16.32875 | G55: 16.32875 | H55: 16.32875 | I55: 16.32875 | J55: 16.32875 | K55: 16.32875 | L55: 16.32875 | M55: 16.32875 | N55: 16.32875 | O55: 16.32875 | P55: 16.32875 | Q55: 16.32875 | R55: 16.32875 | S55: 16.32875 | T55: 16.32875 | U55: 16.32875 | V55: 16.32875 | W55: 16.32875 | X55: 16.32875 | Y55: 16.32875 | Z55: 16.32875 | AA55: 16.32875 | AB55: 16.32875 | AC55: 16.32875 | AD55: 16.32875 | AE55: 16.32875 | AF55: 16.32875 | AG55: 16.32875 | AH55: 16.32875 | AI55: 16.32875 | AJ55: 16.32875 | AK55: 16.32875 | AL55: 16.32875 | AM55: 16.32875 | AN55: 16.32875 | AO55: 16.32875 | AP55: 16.32875 | AQ55: 16.32875 | AR55: 16.32875 | AS55: 16.32875 | AT55: 16.32875 | AU55: 16.32875 | AV55: 16.32875 | AW55: 16.32875 | AX55: 16.32875 | AY55: 16.32875 | AZ55: 16.32875 | BA55: 16.32875 | BB55: 16.32875 | BC55: 16.32875 | BD55: 16.32875 | BE55: 16.32875 | BF55: 16.32875 | BG55: =SUM(E55:BF55) -> 881.7525 | BI55: =BG55/BF55 -> 54
B56: طوب طفلي لزوم حوائط الأدوار 25 سم للدور الاول | C56: الكميه المنفذه | E56: 16.31275 | F56: 16.31275 | G56: 16.31275 | H56: 16.31275 | I56: 16.31275 | J56: 16.31275 | K56: 16.31275 | L56: 16.31275 | M56: 16.31275 | N56: 16.31275 | O56: 16.31275 | P56: 16.31275 | Q56: 16.31275 | R56: 16.31275 | S56: 16.31275 | T56: 16.31275 | U56: 16.31275 | V56: 16.31275 | W56: 16.31275 | X56: 16.31275 | Y56: 16.31275 | Z56: 16.31275 | AA56: 16.31275 | AB56: 16.31275 | AC56: 16.31275 | AD56: 16.31275 | AE56: 16.31275 | AF56: 16.31275 | AG56: 16.31275 | AH56: 16.31275 | AI56: 16.31275 | AJ56: 16.31275 | AK56: 16.31275 | AL56: 16.31275 | AM56: 16.31275 | AN56: 16.31275 | AO56: 16.31275 | AP56: 16.31275 | AQ56: 16.31275 | AR56: 16.31275 | AS56: 16.31275 | AT56: 16.31275 | AU56: 16.31275 | AV56: 16.31275 | AW56: 16.31275 | AX56: 16.31275 | AY56: 16.31275 | AZ56: 16.31275 | BA56: 16.31275 | BB56: 16.31275 | BC56: 16.31275 | BD56: 16.31275 | BE56: 16.31275 | BF56: 16.31275 | BG56: =SUM(E56:BF56) -> 880.8885 | BI56: =BG56/BF56 -> 54
B57: طوب طفلي لزوم حوائط الأدوار 25 سم للدور الثانى | C57: الكميه المنفذه | E57: 16.31275 | F57: 16.31275 | G57: 16.31275 | H57: 16.31275 | I57: 16.31275 | J57: 16.31275 | K57: 16.31275 | L57: 16.31275 | M57: 16.31275 | N57: 16.31275 | O57: 16.31275 | P57: 16.31275 | Q57: 16.31275 | R57: 16.31275 | S57: 16.31275 | T57: 16.31275 | U57: 16.31275 | V57: 16.31275 | W57: 16.31275 | X57: 16.31275 | Y57: 16.31275 | Z57: 16.31275 | AA57: 16.31275 | AB57: 16.31275 | AC57: 16.31275 | AD57: 16.31275 | AE57: 16.31275 | AF57: 16.31275 | AG57: 16.31275 | AH57: 16.31275 | AI57: 16.31275 | AJ57: 16.31275 | AK57: 16.31275 | AL57: 16.31275 | AM57: 16.31275 | AN57: 16.31275 | AO57: 16.31275 | AP57: 16.31275 | AQ57: 16.31275 | AR57: 16.31275 | AS57: 16.31275 | AT57: 16.31275 | AU57: 16.31275 | AV57: 16.31275 | AW57: 16.31275 | AX57: 16.31275 | AY57: 16.31275 | AZ57: 16.31275 | BA57: 16.31275 | BB57: 16.31275 | BC57: 16.31275 | BD57: 16.31275 | BE57: 16.31275 | BF57: 16.31275 | BG57: =SUM(E57:BF57) -> 880.8885 | BI57: =BG57/BF57 -> 54
B58: طوب طفلي لزوم حوائط الأدوار 25 سم للدور الثالث | C58: الكميه المنفذه | E58: 15.98375 | F58: 15.98375 | G58: 15.98375 | H58: 15.98375 | I58: 15.98375 | J58: 15.98375 | K58: 15.98375 | L58: 15.98375 | M58: 15.98375 | N58: 15.98375 | O58: 15.98375 | P58: 15.98375 | Q58: 15.98375 | R58: 15.98375 | S58: 15.98375 | T58: 15.98375 | U58: 15.98375 | V58: 15.98375 | W58: 15.98375 | X58: 15.98375 | Y58: 15.98375 | Z58: 15.98375 | AA58: 15.98375 | AB58: 15.98375 | AC58: 15.98375 | AD58: 15.98375 | AE58: 15.98375 | AF58: 15.98375 | AG58: 15.98375 | AH58: 15.98375 | AI58: 15.98375 | AJ58: 15.98375 | AK58: 15.98375 | AL58: 15.98375 | AM58: 15.98375 | AN58: 15.98375 | AO58: 15.98375 | AP58: 15.98375 | AQ58: 15.98375 | AR58: 15.98375 | AS58: 15.98375 | AT58: 15.98375 | AU58: 15.98375 | AV58: 15.98375 | AW58: 15.98375 | AX58: 15.98375 | AY58: 15.98375 | AZ58: 15.98375 | BA58: 15.98375 | BB58: 15.98375 | BC58: 15.98375 | BD58: 15.98375 | BE58: 15.98375 | BF58: 15.98375 | BG58: =SUM(E58:BF58) -> 863.1225 | BI58: =BG58/BF58 -> 54
B59: طوب طفلي لزوم حوائط الأدوار 25 سم للدور الرابع | C59: الكميه المنفذه | E59: 15.04775 | F59: 15.04775 | G59: 15.04775 | H59: 15.04775 | I59: 15.04775 | J59: 15.04775 | K59: 15.04775 | L59: 15.04775 | M59: 15.04775 | N59: 15.04775 | O59: 15.04775 | P59: 15.04775 | Q59: 15.04775 | R59: 15.04775 | S59: 15.04775 | T59: 15.04775 | U59: 15.04775 | V59: 15.04775 | W59: 15.04775 | X59: 15.04775 | Y59: 15.04775 | Z59: 15.04775 | AA59: 15.04775 | AB59: 15.04775 | AC59: 15.04775 | AD59: 15.04775 | AE59: 15.04775 | AF59: 15.04775 | AG59: 15.04775 | AH59: 15.04775 | AI59: 15.04775 | AJ59: 15.04775 | AK59: 15.04775 | AL59: 15.04775 | AM59: 15.04775 | AN59: 15.04775 | AO59: 15.04775 | AP59: 15.04775 | AQ59: 15.04775 | AR59: 15.04775 | AS59: 15.04775 | AT59: 15.04775 | AU59: 15.04775 | AV59: 15.04775 | AW59: 15.04775 | AX59: 15.04775 | AY59: 15.04775 | AZ59: 15.04775 | BA59: 15.04775 | BB59: 15.04775 | BC59: 15.04775 | BD59: 15.04775 | BE59: 15.04775 | BF59: 15.04775 | BG59: =SUM(E59:BF59) -> 812.5785 | BI59: =BG59/BF59 -> 54
B60: طوب طفلي لزوم حوائط الأدوار 25 سم للدور الخامس | C60: الكميه المنفذه | E60: 16.47975 | F60: 16.47975 | G60: 16.47975 | H60: 16.47975 | I60: 16.47975 | J60: 16.47975 | K60: 16.47975 | L60: 16.47975 | M60: 16.47975 | N60: 16.47975 | O60: 16.47975 | P60: 16.47975 | Q60: 16.47975 | R60: 16.47975 | S60: 16.47975 | T60: 16.47975 | U60: 16.47975 | V60: 16.47975 | W60: 16.47975 | X60: 16.47975 | Y60: 16.47975 | Z60: 16.47975 | AA60: 16.47975 | AB60: 16.47975 | AC60: 16.47975 | AD60: 16.47975 | AE60: 16.47975 | AF60: 16.47975 | AG60: 16.47975 | AH60: 16.47975 | AI60: 16.47975 | AJ60: 16.47975 | AK60: 16.47975 | AL60: 16.47975 | AM60: 16.47975 | AN60: 16.47975 | AO60: 16.47975 | AP60: 16.47975 | AQ60: 16.47975 | AR60: 16.47975 | AS60: 16.47975 | AT60: 16.47975 | AU60: 16.47975 | AV60: 16.47975 | AW60: 16.47975 | AX60: 16.47975 | AY60: 16.47975 | AZ60: 16.47975 | BA60: 16.47975 | BB60: 16.47975 | BC60: 16.47975 | BD60: 16.47975 | BE60: 16.47975 | BF60: 16.47975 | BG60: =SUM(E60:BF60) -> 889.9065 | BI60: =BG60/BF60 -> 54
A61: بند رقم(5-3) طوب طفلي لزوم حوائط الأدوار 12 سم | B61: طوب طفلي لزوم حوائط الأدوار 12سم العمارة بالكامل | C61: الكميه بالمقايسه | E61: 1700 | F61: 1700 | G61: 1700 | H61: 1700 | I61: 1700 | J61: 1700 | K61: 1700 | L61: 1700 | M61: 1700 | N61: 1700 | O61: 1700 | P61: 1700 | Q61: 1700 | R61: 1700 | S61: 1700 | T61: 1700 | U61: 1700 | V61: 1700 | W61: 1700 | X61: 1700 | Y61: 1700 | Z61: 1700 | AA61: 1700 | AB61: 1700 | AC61: 1700 | AD61: 1700 | AE61: 1700 | AF61: 1700 | AG61: 1700 | AH61: 1700 | AI61: 1700 | AJ61: 1700 | AK61: 1700 | AL61: 1700 | AM61: 1700 | AN61: 1700 | AO61: 1700 | AP61: 1700 | AQ61: 1700 | AR61: 1700 | AS61: 1700 | AT61: 1700 | AU61: 1700 | AV61: 1700 | AW61: 1700 | AX61: 1700 | AY61: 1700 | AZ61: 1700 | BA61: 1700 | BB61: 1700 | BC61: 1700 | BD61: 1700 | BE61: 1700 | BF61: 1700 | BG61: =SUM(E61:BF61) -> 91800 | BH61: =SUM(BG62:BG68) -> 90234.216 | BI61: =BG61/BF61 -> 54
B62: طوب طفلي لزوم حوائط الأدوار 12سم للدور الارضى | C62: الكميه المنفذه | E62: 267.479 | F62: 267.479 | G62: 267.479 | H62: 267.479 | I62: 267.479 | J62: 267.479 | K62: 267.479 | L62: 267.479 | M62: 267.479 | N62: 267.479 | O62: 267.479 | P62: 267.479 | Q62: 267.479 | R62: 267.479 | S62: 267.479 | T62: 267.479 | U62: 267.479 | V62: 267.479 | W62: 267.479 | X62: 267.479 | Y62: 267.479 | Z62: 267.479 | AA62: 267.479 | AB62: 267.479 | AC62: 267.479 | AD62: 267.479 | AE62: 267.479 | AF62: 267.479 | AG62: 267.479 | AH62: 267.479 | AI62: 267.479 | AJ62: 267.479 | AK62: 267.479 | AL62: 267.479 | AM62: 267.479 | AN62: 267.479 | AO62: 267.479 | AP62: 267.479 | AQ62: 267.479 | AR62: 267.479 | AS62: 267.479 | AT62: 267.479 | AU62: 267.479 | AV62: 267.479 | AW62: 267.479 | AX62: 267.479 | AY62: 267.479 | AZ62: 267.479 | BA62: 267.479 | BB62: 267.479 | BC62: 267.479 | BD62: 267.479 | BE62: 267.479 | BF62: 267.479 | BG62: =SUM(E62:BF62) -> 14443.866 | BI62: =BG62/BF62 -> 54
B63: طوب طفلي لزوم حوائط الأدوار 12سم للدور الاول | C63: الكميه المنفذه | E63: 278.741 | F63: 278.741 | G63: 278.741 | H63: 278.741 | I63: 278.741 | J63: 278.741 | K63: 278.741 | L63: 278.741 | M63: 278.741 | N63: 278.741 | O63: 278.741 | P63: 278.741 | Q63: 278.741 | R63: 278.741 | S63: 278.741 | T63: 278.741 | U63: 278.741 | V63: 278.741 | W63: 278.741 | X63: 278.741 | Y63: 278.741 | Z63: 278.741 | AA63: 278.741 | AB63: 278.741 | AC63: 278.741 | AD63: 278.741 | AE63: 278.741 | AF63: 278.741 | AG63: 278.741 | AH63: 278.741 | AI63: 278.741 | AJ63: 278.741 | AK63: 278.741 | AL63: 278.741 | AM63: 278.741 | AN63: 278.741 | AO63: 278.741 | AP63: 278.741 | AQ63: 278.741 | AR63: 278.741 | AS63: 278.741 | AT63: 278.741 | AU63: 278.741 | AV63: 278.741 | AW63: 278.741 | AX63: 278.741 | AY63: 278.741 | AZ63: 278.741 | BA63: 278.741 | BB63: 278.741 | BC63: 278.741 | BD63: 278.741 | BE63: 278.741 | BF63: 278.741 | BG63: =SUM(E63:BF63) -> 15052.014 | BI63: =BG63/BF63 -> 54
B64: طوب طفلي لزوم حوائط الأدوار 12سم للدور الثانى | C64: الكميه المنفذه | E64: 276.002 | F64: 276.002 | G64: 276.002 | H64: 276.002 | I64: 276.002 | J64: 276.002 | K64: 276.002 | L64: 276.002 | M64: 276.002 | N64: 276.002 | O64: 276.002 | P64: 276.002 | Q64: 276.002 | R64: 276.002 | S64: 276.002 | T64: 276.002 | U64: 276.002 | V64: 276.002 | W64: 276.002 | X64: 276.002 | Y64: 276.002 | Z64: 276.002 | AA64: 276.002 | AB64: 276.002 | AC64: 276.002 | AD64: 276.002 | AE64: 276.002 | AF64: 276.002 | AG64: 276.002 | AH64: 276.002 | AI64: 276.002 | AJ64: 276.002 | AK64: 276.002 | AL64: 276.002 | AM64: 276.002 | AN64: 276.002 | AO64: 276.002 | AP64: 276.002 | AQ64: 276.002 | AR64: 276.002 | AS64: 276.002 | AT64: 276.002 | AU64: 276.002 | AV64: 276.002 | AW64: 276.002 | AX64: 276.002 | AY64: 276.002 | AZ64: 276.002 | BA64: 276.002 | BB64: 276.002 | BC64: 276.002 | BD64: 276.002 | BE64: 276.002 | BF64: 276.002 | BG64: =SUM(E64:BF64) -> 14904.108 | BI64: =BG64/BF64 -> 54
B65: طوب طفلي لزوم حوائط الأدوار 12سم للدور الثالث | C65: الكميه المنفذه | E65: 282.042 | F65: 282.042 | G65: 282.042 | H65: 282.042 | I65: 282.042 | J65: 282.042 | K65: 282.042 | L65: 282.042 | M65: 282.042 | N65: 282.042 | O65: 282.042 | P65: 282.042 | Q65: 282.042 | R65: 282.042 | S65: 282.042 | T65: 282.042 | U65: 282.042 | V65: 282.042 | W65: 282.042 | X65: 282.042 | Y65: 282.042 | Z65: 282.042 | AA65: 282.042 | AB65: 282.042 | AC65: 282.042 | AD65: 282.042 | AE65: 282.042 | AF65: 282.042 | AG65: 282.042 | AH65: 282.042 | AI65: 282.042 | AJ65: 282.042 | AK65: 282.042 | AL65: 282.042 | AM65: 282.042 | AN65: 282.042 | AO65: 282.042 | AP65: 282.042 | AQ65: 282.042 | AR65: 282.042 | AS65: 282.042 | AT65: 282.042 | AU65: 282.042 | AV65: 282.042 | AW65: 282.042 | AX65: 282.042 | AY65: 282.042 | AZ65: 282.042 | BA65: 282.042 | BB65: 282.042 | BC65: 282.042 | BD65: 282.042 | BE65: 282.042 | BF65: 282.042 | BG65: =SUM(E65:BF65) -> 15230.268 | BI65: =BG65/BF65 -> 54
B66: طوب طفلي لزوم حوائط الأدوار 12سم للدور الرابع | C66: الكميه المنفذه | E66: 282.042 | F66: 282.042 | G66: 282.042 | H66: 282.042 | I66: 282.042 | J66: 282.042 | K66: 282.042 | L66: 282.042 | M66: 282.042 | N66: 282.042 | O66: 282.042 | P66: 282.042 | Q66: 282.042 | R66: 282.042 | S66: 282.042 | T66: 282.042 | U66: 282.042 | V66: 282.042 | W66: 282.042 | X66: 282.042 | Y66: 282.042 | Z66: 282.042 | AA66: 282.042 | AB66: 282.042 | AC66: 282.042 | AD66: 282.042 | AE66: 282.042 | AF66: 282.042 | AG66: 282.042 | AH66: 282.042 | AI66: 282.042 | AJ66: 282.042 | AK66: 282.042 | AL66: 282.042 | AM66: 282.042 | AN66: 282.042 | AO66: 282.042 | AP66: 282.042 | AQ66: 282.042 | AR66: 282.042 | AS66: 282.042 | AT66: 282.042 | AU66: 282.042 | AV66: 282.042 | AW66: 282.042 | AX66: 282.042 | AY66: 282.042 | AZ66: 282.042 | BA66: 282.042 | BB66: 282.042 | BC66: 282.042 | BD66: 282.042 | BE66: 282.042 | BF66: 282.042 | BG66: =SUM(E66:BF66) -> 15230.268 | BI66: =BG66/BF66 -> 54
B67: طوب طفلي لزوم حوائط الأدوار 12سم للدور الخامس | C67: الكميه المنفذه | E67: 277.488 | F67: 277.488 | G67: 277.488 | H67: 277.488 | I67: 277.488 | J67: 277.488 | K67: 277.488 | L67: 277.488 | M67: 277.488 | N67: 277.488 | O67: 277.488 | P67: 277.488 | Q67: 277.488 | R67: 277.488 | S67: 277.488 | T67: 277.488 | U67: 277.488 | V67: 277.488 | W67: 277.488 | X67: 277.488 | Y67: 277.488 | Z67: 277.488 | AA67: 277.488 | AB67: 277.488 | AC67: 277.488 | AD67: 277.488 | AE67: 277.488 | AF67: 277.488 | AG67: 277.488 | AH67: 277.488 | AI67: 277.488 | AJ67: 277.488 | AK67: 277.488 | AL67: 277.488 | AM67: 277.488 | AN67: 277.488 | AO67: 277.488 | AP67: 277.488 | AQ67: 277.488 | AR67: 277.488 | AS67: 277.488 | AT67: 277.488 | AU67: 277.488 | AV67: 277.488 | AW67: 277.488 | AX67: 277.488 | AY67: 277.488 | AZ67: 277.488 | BA67: 277.488 | BB67: 277.488 | BC67: 277.488 | BD67: 277.488 | BE67: 277.488 | BF67: 277.488 | BG67: =SUM(E67:BF67) -> 14984.352 | BI67: =BG67/BF67 -> 54
B68: بانوهات | C68: الكميه المنفذه | E68: 7.21 | F68: 7.21 | G68: 7.21 | H68: 7.21 | I68: 7.21 | J68: 7.21 | K68: 7.21 | L68: 7.21 | M68: 7.21 | N68: 7.21 | O68: 7.21 | P68: 7.21 | Q68: 7.21 | R68: 7.21 | S68: 7.21 | T68: 7.21 | U68: 7.21 | V68: 7.21 | W68: 7.21 | X68: 7.21 | Y68: 7.21 | Z68: 7.21 | AA68: 7.21 | AB68: 7.21 | AC68: 7.21 | AD68: 7.21 | AE68: 7.21 | AF68: 7.21 | AG68: 7.21 | AH68: 7.21 | AI68: 7.21 | AJ68: 7.21 | AK68: 7.21 | AL68: 7.21 | AM68: 7.21 | AN68: 7.21 | AO68: 7.21 | AP68: 7.21 | AQ68: 7.21 | AR68: 7.21 | AS68: 7.21 | AT68: 7.21 | AU68: 7.21 | AV68: 7.21 | AW68: 7.21 | AX68: 7.21 | AY68: 7.21 | AZ68: 7.21 | BA68: 7.21 | BB68: 7.21 | BC68: 7.21 | BD68: 7.21 | BE68: 7.21 | BF68: 7.21 | BG68: =SUM(E68:BF68) -> 389.34 | BI68: =BG68/BF68 -> 54
A69: بند رقم(5-3-1) طوب أسمنتي لزوم الحمامت ووالمطابخ | B69: طوب أسمنتي لزوم الحمامات والمطابخ العمارة بالكامل | C69: الكميه بالمقايسه | E69: 850 | F69: 850 | G69: 850 | H69: 850 | I69: 850 | J69: 850 | K69: 850 | L69: 850 | M69: 850 | N69: 850 | O69: 850 | P69: 850 | Q69: 850 | R69: 850 | S69: 850 | T69: 850 | U69: 850 | V69: 850 | W69: 850 | X69: 850 | Y69: 850 | Z69: 850 | AA69: 850 | AB69: 850 | AC69: 850 | AD69: 850 | AE69: 850 | AF69: 850 | AG69: 850 | AH69: 850 | AI69: 850 | AJ69: 850 | AK69: 850 | AL69: 850 | AM69: 850 | AN69: 850 | AO69: 850 | AP69: 850 | AQ69: 850 | AR69: 850 | AS69: 850 | AT69: 850 | AU69: 850 | AV69: 850 | AW69: 850 | AX69: 850 | AY69: 850 | AZ69: 850 | BA69: 850 | BB69: 850 | BC69: 850 | BD69: 850 | BE69: 850 | BF69: 850 | BG69: =SUM(E69:BF69) -> 45900 | BH69: =SUM(BG70:BG76) -> 47088.324 | BI69: =BG69/BF69 -> 54
B70: طوب أسمنتي لزوم الحمامات والمطابخ للدور الارضى | C70: الكميه المنفذه | E70: 127.922 | F70: 127.922 | G70: 127.922 | H70: 127.922 | I70: 127.922 | J70: 127.922 | K70: 127.922 | L70: 127.922 | M70: 127.922 | N70: 127.922 | O70: 127.922 | P70: 127.922 | Q70: 127.922 | R70: 127.922 | S70: 127.922 | T70: 127.922 | U70: 127.922 | V70: 127.922 | W70: 127.922 | X70: 127.922 | Y70: 127.922 | Z70: 127.922 | AA70: 127.922 | AB70: 127.922 | AC70: 127.922 | AD70: 127.922 | AE70: 127.922 | AF70: 127.922 | AG70: 127.922 | AH70: 127.922 | AI70: 127.922 | AJ70: 127.922 | AK70: 127.922 | AL70: 127.922 | AM70: 127.922 | AN70: 127.922 | AO70: 127.922 | AP70: 127.922 | AQ70: 127.922 | AR70: 127.922 | AS70: 127.922 | AT70: 127.922 | AU70: 127.922 | AV70: 127.922 | AW70: 127.922 | AX70: 127.922 | AY70: 127.922 | AZ70: 127.922 | BA70: 127.922 | BB70: 127.922 | BC70: 127.922 | BD70: 127.922 | BE70: 127.922 | BF70: 127.922 | BG70: =SUM(E70:BF70) -> 6907.788 | BI70: =BG70/BF70 -> 54
B71: طوب أسمنتي لزوم الحمامات والمطابخ للدور الاول | C71: الكميه المنفذه | E71: 129.112 | F71: 129.112 | G71: 129.112 | H71: 129.112 | I71: 129.112 | J71: 129.112 | K71: 129.112 | L71: 129.112 | M71: 129.112 | N71: 129.112 | O71: 129.112 | P71: 129.112 | Q71: 129.112 | R71: 129.112 | S71: 129.112 | T71: 129.112 | U71: 129.112 | V71: 129.112 | W71: 129.112 | X71: 129.112 | Y71: 129.112 | Z71: 129.112 | AA71: 129.112 | AB71: 129.112 | AC71: 129.112 | AD71: 129.112 | AE71: 129.112 | AF71: 129.112 | AG71: 129.112 | AH71: 129.112 | AI71: 129.112 | AJ71: 129.112 | AK71: 129.112 | AL71: 129.112 | AM71: 129.112 | AN71: 129.112 | AO71: 129.112 | AP71: 129.112 | AQ71: 129.112 | AR71: 129.112 | AS71: 129.112 | AT71: 129.112 | AU71: 129.112 | AV71: 129.112 | AW71: 129.112 | AX71: 129.112 | AY71: 129.112 | AZ71: 129.112 | BA71: 129.112 | BB71: 129.112 | BC71: 129.112 | BD71: 129.112 | BE71: 129.112 | BF71: 129.112 | BG71: =SUM(E71:BF71) -> 6972.048 | BI71: =BG71/BF71 -> 54
B72: طوب أسمنتي لزوم الحمامات والمطابخ للدور الثانى | C72: الكميه المنفذه | E72: 130.312 | F72: 130.312 | G72: 130.312 | H72: 130.312 | I72: 130.312 | J72: 130.312 | K72: 130.312 | L72: 130.312 | M72: 130.312 | N72: 130.312 | O72: 130.312 | P72: 130.312 | Q72: 130.312 | R72: 130.312 | S72: 130.312 | T72: 130.312 | U72: 130.312 | V72: 130.312 | W72: 130.312 | X72: 130.312 | Y72: 130.312 | Z72: 130.312 | AA72: 130.312 | AB72: 130.312 | AC72: 130.312 | AD72: 130.312 | AE72: 130.312 | AF72: 130.312 | AG72: 130.312 | AH72: 130.312 | AI72: 130.312 | AJ72: 130.312 | AK72: 130.312 | AL72: 130.312 | AM72: 130.312 | AN72: 130.312 | AO72: 130.312 | AP72: 130.312 | AQ72: 130.312 | AR72: 130.312 | AS72: 130.312 | AT72: 130.312 | AU72: 130.312 | AV72: 130.312 | AW72: 130.312 | AX72: 130.312 | AY72: 130.312 | AZ72: 130.312 | BA72: 130.312 | BB72: 130.312 | BC72: 130.312 | BD72: 130.312 | BE72: 130.312 | BF72: 130.312 | BG72: =SUM(E72:BF72) -> 7036.848 | BI72: =BG72/BF72 -> 54
B73: طوب أسمنتي لزوم الحمامات والمطابخ للدور الثالث | C73: الكميه المنفذه | E73: 131.232 | F73: 131.232 | G73: 131.232 | H73: 131.232 | I73: 131.232 | J73: 131.232 | K73: 131.232 | L73: 131.232 | M73: 131.232 | N73: 131.232 | O73: 131.232 | P73: 131.232 | Q73: 131.232 | R73: 131.232 | S73: 131.232 | T73: 131.232 | U73: 131.232 | V73: 131.232 | W73: 131.232 | X73: 131.232 | Y73: 131.232 | Z73: 131.232 | AA73: 131.232 | AB73: 131.232 | AC73: 131.232 | AD73: 131.232 | AE73: 131.232 | AF73: 131.232 | AG73: 131.232 | AH73: 131.232 | AI73: 131.232 | AJ73: 131.232 | AK73: 131.232 | AL73: 131.232 | AM73: 131.232 | AN73: 131.232 | AO73: 131.232 | AP73: 131.232 | AQ73: 131.232 | AR73: 131.232 | AS73: 131.232 | AT73: 131.232 | AU73: 131.232 | AV73: 131.232 | AW73: 131.232 | AX73: 131.232 | AY73: 131.232 | AZ73: 131.232 | BA73: 131.232 | BB73: 131.232 | BC73: 131.232 | BD73: 131.232 | BE73: 131.232 | BF73: 131.232 | BG73: =SUM(E73:BF73) -> 7086.528 | BI73: =BG73/BF73 -> 54
B74: طوب أسمنتي لزوم الحمامات والمطابخ للدور الرابع | C74: الكميه المنفذه | E74: 131.672 | F74: 131.672 | G74: 131.672 | H74: 131.672 | I74: 131.672 | J74: 131.672 | K74: 131.672 | L74: 131.672 | M74: 131.672 | N74: 131.672 | O74: 131.672 | P74: 131.672 | Q74: 131.672 | R74: 131.672 | S74: 131.672 | T74: 131.672 | U74: 131.672 | V74: 131.672 | W74: 131.672 | X74: 131.672 | Y74: 131.672 | Z74: 131.672 | AA74: 131.672 | AB74: 131.672 | AC74: 131.672 | AD74: 131.672 | AE74: 131.672 | AF74: 131.672 | AG74: 131.672 | AH74: 131.672 | AI74: 131.672 | AJ74: 131.672 | AK74: 131.672 | AL74: 131.672 | AM74: 131.672 | AN74: 131.672 | AO74: 131.672 | AP74: 131.672 | AQ74: 131.672 | AR74: 131.672 | AS74: 131.672 | AT74: 131.672 | AU74: 131.672 | AV74: 131.672 | AW74: 131.672 | AX74: 131.672 | AY74: 131.672 | AZ74: 131.672 | BA74: 131.672 | BB74: 131.672 | BC74: 131.672 | BD74: 131.672 | BE74: 131.672 | BF74: 131.672 | BG74: =SUM(E74:BF74) -> 7110.288 | BI74: =BG74/BF74 -> 54
B75: طوب أسمنتي لزوم الحمامات والمطابخ للدور الخامس | C75: الكميه المنفذه | E75: 133.496 | F75: 133.496 | G75: 133.496 | H75: 133.496 | I75: 133.496 | J75: 133.496 | K75: 133.496 | L75: 133.496 | M75: 133.496 | N75: 133.496 | O75: 133.496 | P75: 133.496 | Q75: 133.496 | R75: 133.496 | S75: 133.496 | T75: 133.496 | U75: 133.496 | V75: 133.496 | W75: 133.496 | X75: 133.496 | Y75: 133.496 | Z75: 133.496 | AA75: 133.496 | AB75: 133.496 | AC75: 133.496 | AD75: 133.496 | AE75: 133.496 | AF75: 133.496 | AG75: 133.496 | AH75: 133.496 | AI75: 133.496 | AJ75: 133.496 | AK75: 133.496 | AL75: 133.496 | AM75: 133.496 | AN75: 133.496 | AO75: 133.496 | AP75: 133.496 | AQ75: 133.496 | AR75: 133.496 | AS75: 133.496 | AT75: 133.496 | AU75: 133.496 | AV75: 133.496 | AW75: 133.496 | AX75: 133.496 | AY75: 133.496 | AZ75: 133.496 | BA75: 133.496 | BB75: 133.496 | BC75: 133.496 | BD75: 133.496 | BE75: 133.496 | BF75: 133.496 | BG75: =SUM(E75:BF75) -> 7208.784 | BI75: =BG75/BF75 -> 54
B76: طوب أسمنتي لزوم الدراوى | C76: الكميه المنفذه | E76: =89.1-0.84 -> 88.26 | F76: =89.1-0.84 -> 88.26 | G76: =89.1-0.84 -> 88.26 | H76: =89.1-0.84 -> 88.26 | I76: =89.1-0.84 -> 88.26 | J76: =89.1-0.84 -> 88.26 | K76: =89.1-0.84 -> 88.26 | L76: =89.1-0.84 -> 88.26 | ... BF76: =89.1-0.84 -> 88.26 | BG76: =SUM(E76:BF76) -> 4766.04 | BI76: =BG76/BF76 -> 54
A77: مهندس الشركة | S77: مهندس الاشراف | AK77: مهندس الشركة | BF77: مهندس الاشراف
A78: بند / ارقام العمارات | E78: 300 | F78: 301 | G78: 302 | H78: 303 | I78: 304 | J78: 305 | K78: 306 | L78: 307 | M78: 308 | N78: 309 | O78: 310 | P78: 311 | Q78: 312 | R78: 313 | S78: 314 | T78: 315 | U78: 316 | V78: 317 | W78: 318 | X78: 319 | Y78: 320 | Z78: 321 | AA78: 322 | AB78: 323 | AC78: 324 | AD78: 325 | AE78: 326 | AF78: 327 | AG78: 328 | AH78: 329 | AI78: 330 | AJ78: 331 | AK78: 332 | AL78: 333 | AM78: 334 | AN78: 335 | AO78: 336 | AP78: 337 | AQ78: 338 | AR78: 339 | AS78: 340 | AT78: 341 | AU78: 342 | AV78: 343 | AW78: 344 | AX78: 345 | AY78: 346 | AZ78: 347 | BA78: 348 | BB78: 349 | BC78: 350 | BD78: 351 | BE78: 352 | BF78: 353 | BG78: اجمالى الكمية المنفذة | BH78: اجمالى الكمية فى المستخلص
A79: بند رقم(6-1) بياض تخشين للحوائط الداخلية | B79: بياض تخشين الحوائط الداخلية العمارة بالكامل | C79: الكميه بالمقايسه | E79: 3850 | F79: 3850 | G79: 3850 | H79: 3850 | I79: 3850 | J79: 3850 | K79: 3850 | L79: 3850 | M79: 3850 | N79: 3850 | O79: 3850 | P79: 3850 | Q79: 3850 | R79: 3850 | S79: 3850 | T79: 3850 | U79: 3850 | V79: 3850 | W79: 3850 | X79: 3850 | Y79: 3850 | Z79: 3850 | AA79: 3850 | AB79: 3850 | AC79: 3850 | AD79: 3850 | AE79: 3850 | AF79: 3850 | AG79: 3850 | AH79: 3850 | AI79: 3850 | AJ79: 3850 | AK79: 3850 | AL79: 3850 | AM79: 3850 | AN79: 3850 | AO79: 3850 | AP79: 3850 | AQ79: 3850 | AR79: 3850 | AS79: 3850 | AT79: 3850 | AU79: 3850 | AV79: 3850 | AW79: 3850 | AX79: 3850 | AY79: 3850 | AZ79: 3850 | BA79: 3850 | BB79: 3850 | BC79: 3850 | BD79: 3850 | BE79: 3850 | BF79: 3850 | BG79: =SUM(E79:BF79) -> 207900 | BH79: =SUM(BG80:BG85) -> 209891.61 | BI79: =BG79/BF79 -> 54
B80: بياض تخشين الحوائط الداخلية للدور الارضى | C80: الكميه المنفذه | E80: 643.2436 | F80: 643.2436 | G80: 643.2436 | H80: 643.2436 | I80: 643.2436 | J80: 643.2436 | K80: 643.2436 | L80: 643.2436 | M80: 643.2436 | N80: 643.2436 | O80: 643.2436 | P80: 643.2436 | Q80: 643.2436 | R80: 643.2436 | S80: 643.2436 | T80: 643.2436 | U80: 643.2436 | V80: 643.2436 | W80: 643.2436 | X80: 643.2436 | Y80: 643.2436 | Z80: 643.2436 | AA80: 643.2436 | AB80: 643.2436 | AC80: 643.2436 | AD80: 643.2436 | AE80: 643.2436 | AF80: 643.2436 | AG80: 643.2436 | AH80: 643.2436 | AI80: 643.2436 | AJ80: 643.2436 | AK80: 643.2436 | AL80: 643.2436 | AM80: 643.2436 | AN80: 643.2436 | AO80: 643.2436 | AP80: 643.2436 | AQ80: 643.2436 | AR80: 643.2436 | AS80: 643.2436 | AT80: 643.2436 | AU80: 643.2436 | AV80: 643.2436 | AW80: 643.2436 | AX80: 643.2436 | AY80: 643.2436 | AZ80: 643.2436 | BA80: 643.2436 | BB80: 643.2436 | BC80: 643.2436 | BD80: 643.2436 | BE80: 643.2436 | BF80: 643.2436 | BG80: =SUM(E80:BF80) -> 34735.154 | BI80: =BG80/BF80 -> 54
B81: بياض تخشين الحوائط الداخلية للدور الاول | C81: الكميه المنفذه | E81: 652.909 | F81: 652.909 | G81: 652.909 | H81: 652.909 | I81: 652.909 | J81: 652.909 | K81: 652.909 | L81: 652.909 | M81: 652.909 | N81: 652.909 | O81: 652.909 | P81: 652.909 | Q81: 652.909 | R81: 652.909 | S81: 652.909 | T81: 652.909 | U81: 652.909 | V81: 652.909 | W81: 652.909 | X81: 652.909 | Y81: 652.909 | Z81: 652.909 | AA81: 652.909 | AB81: 652.909 | AC81: 652.909 | AD81: 652.909 | AE81: 652.909 | AF81: 652.909 | AG81: 652.909 | AH81: 652.909 | AI81: 652.909 | AJ81: 652.909 | AK81: 652.909 | AL81: 652.909 | AM81: 652.909 | AN81: 652.91 | AO81: 652.909 | AP81: 652.909 | AQ81: 652.909 | AR81: 652.909 | AS81: 652.909 | AT81: 652.909 | AU81: 652.909 | AV81: 652.909 | AW81: 652.909 | AX81: 652.909 | AY81: 652.909 | AZ81: 652.909 | BA81: 652.909 | BB81: 652.909 | BC81: 652.909 | BD81: 652.909 | BE81: 652.909 | BF81: 652.909 | BG81: =SUM(E81:BF81) -> 35257.087 | BI81: =BG81/BF81 -> 54.000002
B82: بياض تخشين الحوائط الداخلية للدور الثانى | C82: الكميه المنفذه | E82: 652.909 | F82: 652.909 | G82: 652.909 | H82: 652.909 | I82: 652.909 | J82: 652.909 | K82: 652.909 | L82: 652.909 | M82: 652.909 | N82: 652.909 | O82: 652.909 | P82: 652.909 | Q82: 652.909 | R82: 652.909 | S82: 652.909 | T82: 652.909 | U82: 652.909 | V82: 652.909 | W82: 652.909 | X82: 652.909 | Y82: 652.909 | Z82: 652.909 | AA82: 652.909 | AB82: 652.909 | AC82: 652.909 | AD82: 652.909 | AE82: 652.909 | AF82: 652.909 | AG82: 652.909 | AH82: 652.909 | AI82: 652.909 | AJ82: 652.909 | AK82: 652.909 | AL82: 652.909 | AM82: 652.909 | AN82: 652.91 | AO82: 652.909 | AP82: 652.909 | AQ82: 652.909 | AR82: 652.909 | AS82: 652.909 | AT82: 652.909 | AU82: 652.909 | AV82: 652.909 | AW82: 652.909 | AX82: 652.909 | AY82: 652.909 | AZ82: 652.909 | BA82: 652.909 | BB82: 652.909 | BC82: 652.909 | BD82: 652.909 | BE82: 652.909 | BF82: 652.909 | BG82: =SUM(E82:BF82) -> 35257.087 | BI82: =BG82/BF82 -> 54.000002
B83: بياض تخشين الحوائط الداخلية للدور الثالث | C83: الكميه المنفذه | E83: 652.909 | F83: 652.909 | G83: 652.909 | H83: 652.909 | I83: 652.909 | J83: 652.909 | K83: 652.909 | L83: 652.909 | M83: 652.909 | N83: 652.909 | O83: 652.909 | P83: 652.909 | Q83: 652.909 | R83: 652.909 | S83: 652.909 | T83: 652.909 | U83: 652.909 | V83: 652.909 | W83: 652.909 | X83: 652.909 | Y83: 652.909 | Z83: 652.909 | AA83: 652.909 | AB83: 652.909 | AC83: 652.909 | AD83: 652.909 | AE83: 652.909 | AF83: 652.909 | AG83: 652.909 | AH83: 652.909 | AI83: 652.909 | AJ83: 652.909 | AK83: 652.909 | AL83: 652.909 | AM83: 652.909 | AN83: 652.91 | AO83: 652.909 | AP83: 652.909 | AQ83: 652.909 | AR83: 652.909 | AS83: 652.909 | AT83: 652.909 | AU83: 652.909 | AV83: 652.909 | AW83: 652.909 | AX83: 652.909 | AY83: 652.909 | AZ83: 652.909 | BA83: 652.909 | BB83: 652.909 | BC83: 652.909 | BD83: 652.909 | BE83: 652.909 | BF83: 652.909 | BG83: =SUM(E83:BF83) -> 35257.087 | BI83: =BG83/BF83 -> 54.000002
B84: بياض تخشين الحوائط الداخلية للدور الرابع | C84: الكميه المنفذه | E84: 652.909 | F84: 652.909 | G84: 652.909 | H84: 652.909 | I84: 652.909 | J84: 652.909 | K84: 652.909 | L84: 652.909 | M84: 652.909 | N84: 652.909 | O84: 652.909 | P84: 652.909 | Q84: 652.909 | R84: 652.909 | S84: 652.909 | T84: 652.909 | U84: 652.909 | V84: 652.909 | W84: 652.909 | X84: 652.909 | Y84: 652.909 | Z84: 652.909 | AA84: 652.909 | AB84: 652.909 | AC84: 652.909 | AD84: 652.909 | AE84: 652.909 | AF84: 652.909 | AG84: 652.909 | AH84: 652.909 | AI84: 652.909 | AJ84: 652.909 | AK84: 652.909 | AL84: 652.909 | AM84: 652.909 | AN84: 652.91 | AO84: 652.909 | AP84: 652.909 | AQ84: 652.909 | AR84: 652.909 | AS84: 652.909 | AT84: 652.909 | AU84: 652.909 | AV84: 652.909 | AW84: 652.909 | AX84: 652.909 | AY84: 652.909 | AZ84: 652.909 | BA84: 652.909 | BB84: 652.909 | BC84: 652.909 | BD84: 652.909 | BE84: 652.909 | BF84: 652.909 | BG84: =SUM(E84:BF84) -> 35257.087 | BI84: =BG84/BF84 -> 54.000002
B85: بياض تخشين الحوائط الداخلية للدور الخامس | C85: الكميه المنفذه | E85: 632.002 | F85: 632.002 | G85: 632.002 | H85: 632.002 | I85: 632.002 | J85: 632.002 | K85: 632.002 | L85: 632.002 | M85: 632.002 | N85: 632.002 | O85: 632.002 | P85: 632.002 | Q85: 632.002 | R85: 632.002 | S85: 632.002 | T85: 632.002 | U85: 632.002 | V85: 632.002 | W85: 632.002 | X85: 632.002 | Y85: 632.002 | Z85: 632.002 | AA85: 632.002 | AB85: 632.002 | AC85: 632.002 | AD85: 632.002 | AE85: 632.002 | AF85: 632.002 | AG85: 632.002 | AH85: 632.002 | AI85: 632.002 | AJ85: 632.002 | AK85: 632.002 | AL85: 632.002 | AM85: 632.002 | AN85: 632 | AO85: 632.002 | AP85: 632.002 | AQ85: 632.002 | AR85: 632.002 | AS85: 632.002 | AT85: 632.002 | AU85: 632.002 | AV85: 632.002 | AW85: 632.002 | AX85: 632.002 | AY85: 632.002 | AZ85: 632.002 | BA85: 632.002 | BB85: 632.002 | BC85: 632.002 | BD85: 632.002 | BE85: 632.002 | BF85: 632.002 | BG85: =SUM(E85:BF85) -> 34128.106 | BI85: =BG85/BF85 -> 53.999997
A86: بند رقم(6-2) بياض تخشين للأسقف | B86: بياض تخشين الأسقف العمارة بالكامل | C86: الكميه بالمقايسه | E86: 1590 | F86: 1590 | G86: 1590 | H86: 1590 | I86: 1590 | J86: 1590 | K86: 1590 | L86: 1590 | M86: 1590 | N86: 1590 | O86: 1590 | P86: 1590 | Q86: 1590 | R86: 1590 | S86: 1590 | T86: 1590 | U86: 1590 | V86: 1590 | W86: 1590 | X86: 1590 | Y86: 1590 | Z86: 1590 | AA86: 1590 | AB86: 1590 | AC86: 1590 | AD86: 1590 | AE86: 1590 | AF86: 1590 | AG86: 1590 | AH86: 1590 | AI86: 1590 | AJ86: 1590 | AK86: 1590 | AL86: 1590 | AM86: 1590 | AN86: 1590 | AO86: 1590 | AP86: 1590 | AQ86: 1590 | AR86: 1590 | AS86: 1590 | AT86: 1590 | AU86: 1590 | AV86: 1590 | AW86: 1590 | AX86: 1590 | AY86: 1590 | AZ86: 1590 | BA86: 1590 | BB86: 1590 | BC86: 1590 | BD86: 1590 | BE86: 1590 | BF86: 1590 | BG86: =SUM(E86:BF86) -> 85860 | BH86: =SUM(BG87:BG92) -> 86592.802 | BI86: =BG86/BF86 -> 54
B87: بياض تخشين الأسقف للدور الارضى | C87: الكميه المنفذه | E87: 264.5384 | F87: 264.5384 | G87: 264.5384 | H87: 264.5384 | I87: 264.5384 | J87: 264.5384 | K87: 264.5384 | L87: 264.5384 | M87: 264.5384 | N87: 264.5384 | O87: 264.5384 | P87: 264.5384 | Q87: 264.5384 | R87: 264.5384 | S87: 264.5384 | T87: 264.5384 | U87: 264.5384 | V87: 264.5384 | W87: 264.5384 | X87: 264.5384 | Y87: 264.5384 | Z87: 264.5384 | AA87: 264.5384 | AB87: 264.5384 | AC87: 264.5384 | AD87: 264.5384 | AE87: 264.5384 | AF87: 264.5384 | AG87: 264.5384 | AH87: 264.5384 | AI87: 264.5384 | AJ87: 264.5384 | AK87: 264.5384 | AL87: 264.5384 | AM87: 264.5384 | AN87: 264.5384 | AO87: 264.5384 | AP87: 264.5384 | AQ87: 264.5384 | AR87: 264.5384 | AS87: 264.5384 | AT87: 264.5384 | AU87: 264.5384 | AV87: 264.5384 | AW87: 264.5384 | AX87: 264.5384 | AY87: 264.5384 | AZ87: 264.5384 | BA87: 264.5384 | BB87: 264.5384 | BC87: 264.5384 | BD87: 264.5384 | BE87: 264.5384 | BF87: 264.5384 | BG87: =SUM(E87:BF87) -> 14285.074 | BI87: =BG87/BF87 -> 54
B88: بياض تخشين الأسقف للدور الاول | C88: الكميه المنفذه | E88: 268.1984 | F88: 268.1984 | G88: 268.1984 | H88: 268.1984 | I88: 268.1984 | J88: 268.1984 | K88: 268.1984 | L88: 268.1984 | M88: 268.1984 | N88: 268.1984 | O88: 268.1984 | P88: 268.1984 | Q88: 268.1984 | R88: 268.1984 | S88: 268.1984 | T88: 268.1984 | U88: 268.1984 | V88: 268.1984 | W88: 268.1984 | X88: 268.1984 | Y88: 268.1984 | Z88: 268.1984 | AA88: 268.1984 | AB88: 268.1984 | AC88: 268.1984 | AD88: 268.1984 | AE88: 268.1984 | AF88: 268.1984 | AG88: 268.1984 | AH88: 268.1984 | AI88: 268.1984 | AJ88: 268.1984 | AK88: 268.1984 | AL88: 268.1984 | AM88: 268.1984 | AN88: 268.1984 | AO88: 268.1984 | AP88: 268.1984 | AQ88: 268.1984 | AR88: 268.1984 | AS88: 268.1984 | AT88: 268.1984 | AU88: 268.1984 | AV88: 268.1984 | AW88: 268.1984 | AX88: 268.1984 | AY88: 268.1984 | AZ88: 268.1984 | BA88: 268.1984 | BB88: 268.1984 | BC88: 268.1984 | BD88: 268.1984 | BE88: 268.1984 | BF88: 268.1984 | BG88: =SUM(E88:BF88) -> 14482.714 | BI88: =BG88/BF88 -> 54
B89: بياض تخشين الأسقف للدور الثانى | C89: الكميه المنفذه | E89: 268.1984 | F89: 268.1984 | G89: 268.1984 | H89: 268.1984 | I89: 268.1984 | J89: 268.1984 | K89: 268.1984 | L89: 268.1984 | M89: 268.1984 | N89: 268.1984 | O89: 268.1984 | P89: 268.1984 | Q89: 268.1984 | R89: 268.1984 | S89: 268.1984 | T89: 268.1984 | U89: 268.1984 | V89: 268.1984 | W89: 268.1984 | X89: 268.1984 | Y89: 268.1984 | Z89: 268.1984 | AA89: 268.1984 | AB89: 268.1984 | AC89: 268.1984 | AD89: 268.1984 | AE89: 268.1984 | AF89: 268.1984 | AG89: 268.1984 | AH89: 268.1984 | AI89: 268.1984 | AJ89: 268.1984 | AK89: 268.1984 | AL89: 268.1984 | AM89: 268.1984 | AN89: 268.1984 | AO89: 268.1984 | AP89: 268.1984 | AQ89: 268.1984 | AR89: 268.1984 | AS89: 268.1984 | AT89: 268.1984 | AU89: 268.1984 | AV89: 268.1984 | AW89: 268.1984 | AX89: 268.1984 | AY89: 268.1984 | AZ89: 268.1984 | BA89: 268.1984 | BB89: 268.1984 | BC89: 268.1984 | BD89: 268.1984 | BE89: 268.1984 | BF89: 268.1984 | BG89: =SUM(E89:BF89) -> 14482.714 | BI89: =BG89/BF89 -> 54
B90: بياض تخشين الأسقف للدور الثالث | C90: الكميه المنفذه | E90: 268.4384 | F90: 268.4384 | G90: 268.4384 | H90: 268.4384 | I90: 268.4384 | J90: 268.4384 | K90: 268.4384 | L90: 268.4384 | M90: 268.4384 | N90: 268.4384 | O90: 268.4384 | P90: 268.4384 | Q90: 268.4384 | R90: 268.4384 | S90: 268.4384 | T90: 268.4384 | U90: 268.4384 | V90: 268.4384 | W90: 268.4384 | X90: 268.4384 | Y90: 268.4384 | Z90: 268.4384 | AA90: 268.4384 | AB90: 268.4384 | AC90: 268.4384 | AD90: 268.4384 | AE90: 268.4384 | AF90: 268.4384 | AG90: 268.4384 | AH90: 268.4384 | AI90: 268.4384 | AJ90: 268.4384 | AK90: 268.4384 | AL90: 268.4384 | AM90: 268.4384 | AN90: 268.4384 | AO90: 268.4384 | AP90: 268.4384 | AQ90: 268.4384 | AR90: 268.4384 | AS90: 268.4384 | AT90: 268.4384 | AU90: 268.4384 | AV90: 268.4384 | AW90: 268.4384 | AX90: 268.4384 | AY90: 268.4384 | AZ90: 268.4384 | BA90: 268.4384 | BB90: 268.4384 | BC90: 268.4384 | BD90: 268.4384 | BE90: 268.4384 | BF90: 268.4384 | BG90: =SUM(E90:BF90) -> 14495.674 | BI90: =BG90/BF90 -> 54
B91: بياض تخشين الأسقف للدور الرابع | C91: الكميه المنفذه | E91: 268.4384 | F91: 268.4384 | G91: 268.4384 | H91: 268.4384 | I91: 268.4384 | J91: 268.4384 | K91: 268.4384 | L91: 268.4384 | M91: 268.4384 | N91: 268.4384 | O91: 268.4384 | P91: 268.4384 | Q91: 268.4384 | R91: 268.4384 | S91: 268.4384 | T91: 268.4384 | U91: 268.4384 | V91: 268.4384 | W91: 268.4384 | X91: 268.4384 | Y91: 268.4384 | Z91: 268.4384 | AA91: 268.4384 | AB91: 268.4384 | AC91: 268.4384 | AD91: 268.4384 | AE91: 268.4384 | AF91: 268.4384 | AG91: 268.4384 | AH91: 268.4384 | AI91: 268.4384 | AJ91: 268.4384 | AK91: 268.4384 | AL91: 268.4384 | AM91: 268.4384 | AN91: 268.4384 | AO91: 268.4384 | AP91: 268.4384 | AQ91: 268.4384 | AR91: 268.4384 | AS91: 268.4384 | AT91: 268.4384 | AU91: 268.4384 | AV91: 268.4384 | AW91: 268.4384 | AX91: 268.4384 | AY91: 268.4384 | AZ91: 268.4384 | BA91: 268.4384 | BB91: 268.4384 | BC91: 268.4384 | BD91: 268.4384 | BE91: 268.4384 | BF91: 268.4384 | BG91: =SUM(E91:BF91) -> 14495.674 | BI91: =BG91/BF91 -> 54
B92: بياض تخشين الأسقف للدور الخامس | C92: الكميه المنفذه | E92: 265.7584 | F92: 265.7584 | G92: 265.7584 | H92: 265.7584 | I92: 265.7584 | J92: 265.7584 | K92: 265.7584 | L92: 265.7584 | M92: 265.7584 | N92: 265.7584 | O92: 265.7584 | P92: 265.7584 | Q92: 265.7584 | R92: 265.7584 | S92: 265.7584 | T92: 265.7584 | U92: 265.7584 | V92: 265.7584 | W92: 265.7584 | X92: 265.7584 | Y92: 265.7584 | Z92: 265.7584 | AA92: 265.7584 | AB92: 265.7584 | AC92: 265.7584 | AD92: 265.7584 | AE92: 265.7584 | AF92: 265.7584 | AG92: 265.7584 | AH92: 265.7584 | AI92: 265.7584 | AJ92: 265.7584 | AK92: 265.7584 | AL92: 265.7584 | AM92: 265.7584 | AN92: 265.7584 | AO92: 265.7584 | AP92: 265.7584 | AQ92: 265.7584 | AR92: 265.7584 | AS92: 265.7584 | AT92: 265.7584 | AU92: 265.7584 | AV92: 265.7584 | AW92: 265.7584 | AX92: 265.7584 | AY92: 265.7584 | AZ92: 265.7584 | BA92: 265.7584 | BB92: 265.7584 | BC92: 265.7584 | BD92: 265.7584 | BE92: 265.7584 | BF92: 265.7584 | BG92: =SUM(E92:BF92) -> 14350.954 | BI92: =BG92/BF92 -> 54
A93: بند رقم(6-3) بياض تخشين للوجهات | B93: بياض تخشين للوجهات | C93: الكميه بالمقايسه | E93: 2750 | F93: 2750 | G93: 2750 | H93: 2750 | I93: 2750 | J93: 2750 | K93: 2750 | L93: 2750 | M93: 2750 | N93: 2750 | O93: 2750 | P93: 2750 | Q93: 2750 | R93: 2750 | S93: 2750 | T93: 2750 | U93: 2750 | V93: 2750 | W93: 2750 | X93: 2750 | Y93: 2750 | Z93: 2750 | AA93: 2750 | AB93: 2750 | AC93: 2750 | AD93: 2750 | AE93: 2750 | AF93: 2750 | AG93: 2750 | AH93: 2750 | AI93: 2750 | AJ93: 2750 | AK93: 2750 | AL93: 2750 | AM93: 2750 | AN93: 2750 | AO93: 2750 | AP93: 2750 | AQ93: 2750 | AR93: 2750 | AS93: 2750 | AT93: 2750 | AU93: 2750 | AV93: 2750 | AW93: 2750 | AX93: 2750 | AY93: 2750 | AZ93: 2750 | BA93: 2750 | BB93: 2750 | BC93: 2750 | BD93: 2750 | BE93: 2750 | BF93: 2750 | BG93: =SUM(E93:BF93) -> 148500 | BH93: =SUM(BG94:BG97) -> 0 | BI93: =BG93/BF93 -> 54
B94: الواجهه الاماميه | C94: بطانه | BG94: =SUM(E94:BF94) -> 0 | BI94: =BG94/BF98 -> 0
B95: الواجهه الخلفيه | C95: بطانه | BG95: =SUM(E95:BF95) -> 0 | BI95: =BG95/BF99 -> 0
B96: الواجهه الجانبيه 1 | C96: بطانه | BG96: =SUM(E96:BF96) -> 0 | BI96: =BG96/BF100 -> 0
B97: الواجهه الجانبيه2 | C97: بطانه | BG97: =SUM(E97:BF97) -> 0 | BI97: =BG97/BF101 -> 0
B98: الواجهه الاماميه | C98: بطانه+ ضهاره | E98: 860.46955 | F98: 860.46955 | G98: 860.46955 | H98: 860.46955 | I98: 860.46955 | J98: 860.46955 | K98: 860.46955 | L98: 860.46955 | M98: 860.46955 | N98: 860.46955 | O98: 860.46955 | P98: 860.46955 | Q98: 860.46955 | R98: 860.46955 | S98: 860.46955 | T98: 860.46955 | U98: 860.46955 | V98: 860.46955 | W98: 860.46955 | X98: 860.46955 | Y98: 860.46955 | Z98: 860.46955 | AA98: 860.46955 | AB98: 860.46955 | AC98: 860.46955 | AD98: 860.46955 | AE98: 860.46955 | AF98: 860.46955 | AG98: 860.46955 | AH98: 860.46955 | AI98: 860.46955 | AJ98: 860.46955 | AK98: 860.46955 | AL98: 860.46955 | AM98: 860.46955 | AN98: 860.46955 | AO98: 860.46955 | AP98: 860.46955 | AQ98: 860.46955 | AR98: 860.46955 | AS98: 860.46955 | AT98: 860.46955 | AU98: 860.46955 | AV98: 860.46955 | AW98: 860.46955 | AX98: 860.46955 | AY98: 860.46955 | AZ98: 860.46955 | BA98: 860.46955 | BB98: 860.46955 | BC98: 860.46955 | BD98: 860.46955 | BE98: 860.46955 | BF98: 860.46955 | BG98: =SUM(E98:BF98) -> 46465.356 | BH98: =SUM(BG98:BG101) -> 161253.73 | BI98: =BG98/BF98 -> 54
B99: الواجهه الخلفيه | C99: بطانه+ ضهاره | E99: 707.66865 | F99: 707.66865 | G99: 707.66865 | H99: 707.66865 | I99: 707.66865 | J99: 707.66865 | K99: 707.66865 | L99: 707.66865 | M99: 707.66865 | N99: 707.66865 | O99: 707.66865 | P99: 707.66865 | Q99: 707.66865 | R99: 707.66865 | S99: 707.66865 | T99: 707.66865 | U99: 707.66865 | V99: 707.66865 | W99: 707.66865 | X99: 707.66865 | Y99: 707.66865 | Z99: 707.66865 | AA99: 707.66865 | AB99: 707.66865 | AC99: 707.66865 | AD99: 707.66865 | AE99: 707.66865 | AF99: 707.66865 | AG99: 707.66865 | AH99: 707.66865 | AI99: 707.66865 | AJ99: 707.66865 | AK99: 707.66865 | AL99: 707.66865 | AM99: 707.66865 | AN99: 707.66865 | AO99: 707.66865 | AP99: 707.66865 | AQ99: 707.66865 | AR99: 707.66865 | AS99: 707.66865 | AT99: 707.66865 | AU99: 707.66865 | AV99: 707.66865 | AW99: 707.66865 | AX99: 707.66865 | AY99: 707.66865 | AZ99: 707.66865 | BA99: 707.66865 | BB99: 707.66865 | BC99: 707.66865 | BD99: 707.66865 | BE99: 707.66865 | BF99: 707.66865 | BG99: =SUM(E99:BF99) -> 38214.107 | BI99: =BG99/BF99 -> 54
B100: الواجهه الجانبيه 1 | C100: بطانه+ ضهاره | E100: 711.98335 | F100: 711.98335 | G100: 711.98335 | H100: 711.98335 | I100: 711.98335 | J100: 711.98335 | K100: 711.98335 | L100: 711.98335 | M100: 711.98335 | N100: 711.98335 | O100: 711.98335 | P100: 711.98335 | Q100: 711.98335 | R100: 711.98335 | S100: 711.98335 | T100: 711.98335 | U100: 711.98335 | V100: 711.98335 | W100: 711.98335 | X100: 711.98335 | Y100: 711.98335 | Z100: 711.98335 | AA100: 711.98335 | AB100: 632 | AC100: 711.98335 | AD100: 711.98335 | AE100: 711.98335 | AF100: 711.98335 | AG100: 711.98335 | AH100: 711.98335 | AI100: 711.98335 | AJ100: 711.98335 | AK100: 711.98335 | AL100: 711.98335 | AM100: 711.98335 | AN100: 711.98335 | AO100: 711.98335 | AP100: 711.98335 | AQ100: 711.98335 | AR100: 711.98335 | AS100: 711.98335 | AT100: 711.98335 | AU100: 711.98335 | AV100: 711.98335 | AW100: 711.98335 | AX100: 711.98335 | AY100: 711.98335 | AZ100: 711.98335 | BA100: 711.98335 | BB100: 711.98335 | BC100: 711.98335 | BD100: 711.98335 | BE100: 711.98335 | BF100: 711.98335 | BG100: =SUM(E100:BF100) -> 38367.118 | BI100: =BG100/BF100 -> 53.887661
...

Sheet مستخلص
A2: وزارة الاسكان والمرافق والمجتمعات العمرانية | C2: مستخلص جارى رقم ( 34 ) | J2: الاعمال المنفذة من بدء العمل الى 2025/10/31
C3: تنفيذ عدد 54 عمارة ضمن المرحلة الخامسة بالحى الــ 15 بمدينة العبور الجديدة
A4: هيئة المجتمعات العمرانية الجديدة | C4: عملية رقم ( 3 )
C5: مقاولة / شركة المهندس / احمد سعد حسن عبد الجواد للمقاولات المتكاملة | J5: تاريخ بدء الاعمال 21 / 9 / 2022 تاريخ النهو المقرر 21 / 3 / 2024
A6: جهاز مدينة العبور الجديدة | C6: استشارى المشروع / مركز بحوث واستشارات التنمية ( هندسة الفيوم )
C7: بموجب امر الاسناد رقم (66) بتاريخ 2022/9/15 | J7: تاريخ النهو المعدل 2025/9/30
A8: رقم بند | B8: بنود الأعمال | C8: وحدة | D8: كمية المقايسة | E8: الكمية التعاقدية | F8: الفئة | G8: كمية الأعمال | J8: قيمة الأعمال | K8: نسبة الصرف | L8: قيمة الخصم بالجنية | M8: صافى القيمة | N8: ملاحظات
G9: السابق | H9: الجارى | I9: الجملة | J9: بالجنية | M9: بالجنية
A10: أولا - أعمـــــال الحفر والردم
A11: 1-1 | B11: بالمتر المكعب أعمال الحفر لزوم الاساسات | C11: م3 | D11: 965 | E11: =D11*54 -> 52110 | F11: 90 | G11: 65137 | H11: =I11-G11 -> 0 | I11: 65137 | J11: =F11*I11 -> 5862330 | K11: 1 | L11: =J11*(1-K11) -> 0 | M11: =J11-L11 -> 5862330 | O11: =I11/54 -> 1206.2407 | FF11: =I11/E11 -> 1.2499904
A12: 1_2 | B12: بالمتر المكعب ردم من ناتج الحفر | C12: م3 | D12: 250 | E12: =D12*54 -> 13500 | F12: 20 | G12: 16848 | H12: =I12-G12 -> 0 | I12: ='بيان الاعمال'!BH7 -> 16848 | J12: =F12*I12 -> 336960 | K12: 1 | L12: =J12*(1-K12) -> 0 | M12: =J12-L12 -> 336960 | O12: =I12/54 -> 312
A13: 1_4 | B13: بالمتر المكعب تربة احلال للاساسات برمال من خارج الموقع | C13: م3 | D13: 281 | E13: =D13*54 -> 15174 | F13: 35 | G13: 18967 | H13: =I13-G13 -> 0 | I13: 18967 | J13: =F13*I13 -> 663845 | K13: 1 | L13: =J13*(1-K13) -> 0 | M13: =J13-L13 -> 663845 | O13: =I13/54 -> 351.24074
A14: 1_5 | B14: بالمتر المكعب تربة احلال للاساسات رمل و سن بنسبة 1 : 1 من خارج الموقع | C14: م3 | D14: 117 | E14: =D14*54 -> 6318 | F14: 40 | G14: 6875 | H14: =I14-G14 -> 0 | I14: 6875 | J14: =F14*I14 -> 275000 | K14: 1 | L14: =J14*(1-K14) -> 0 | M14: =J14-L14 -> 275000 | O14: =I14/54 -> 127.31481 | FF14: =I14/E14 -> 1.0881608
A15: ثانيا - أعمـــال الخرســانات للأســـاسات | O15: =I15/54 -> 0
A16: 2_1 | B16: بالمتر المكعب خرسانة عادية للاساسات | C16: م3 | D16: 188 | E16: =D16*54 -> 10152 | F16: 4300 | G16: 10218 | H16: =I16-G16 -> 0 | I16: =FLOOR('بيان الاعمال'!BG14,1) -> 10218 | J16: =F16*I16 -> 43937400 | K16: 1 | L16: =J16*(1-K16) -> 0 | M16: =J16-L16 -> 43937400 | O16: =I16/54 -> 189.22222 | FF16: =I16/E16 -> 1.0065012
A17: 2_2 | B17: بالمتر المكعب خرسانة مسلحة لزوم القواعد والميدات | C17: م3 | D17: 200 | E17: =D17*54 -> 10800 | F17: 1800 | G17: 9445 | H17: =I17-G17 -> 0 | I17: =FLOOR(IF('بيان الاعمال'!BG16<مستخلص!E17,'بيان الاعمال'!BG16,مستخلص!E17),1) -> 9445 | J17: =F17*I17 -> 17001000 | K17: 1 | L17: =J17*(1-K17) -> 0 | M17: =J17-L17 -> 17001000 | O17: =I17/54 -> 174.90741 | FF17: =I17/E17 -> 0.87453704
A18: ثالثا - اعمـــال المنشــأ العــلوي | O18: =I18/54 -> 0
A19: 3 - 1 | B19: بالمتر المسطح عمل دكة من الخرسانة المسلحة | C19: م2 | D19: 330 | E19: =D19*54 -> 17820 | F19: 360 | G19: 18770 | H19: =I19-G19 -> 0 | I19: 18770 | J19: =F19*I19 -> 6757200 | K19: 1 | L19: =J19*(1-K19) -> 0 | M19: =J19-L19 -> 6757200 | O19: =I19/54 -> 347.59259
A20: 3 - 2 | B20: بالمتر المسطح عمل خرسانه خفيفه لتخليق ميول الاسطح | C20: م2 | D20: 330 | E20: =D20*54 -> 17820 | F20: 80 | G20: 18145 | H20: =I20-G20 -> 0 | I20: =ROUNDDOWN('بيان الاعمال'!BG20,1) -> 18145 | J20: =F20*I20 -> 1451600 | K20: 1 | L20: =J20*(1-K20) -> 0 | M20: =J20-L20 -> 1451600 | O20: =I20/54 -> 336.01852
A21: 3 - 3 - 1 | B21: بالمتر المكعب خرسانة مسلحة لزوم الأسقف والسلالم والدراوي | C21: م3 | D21: 385 | E21: =D21*54 -> 20790 | F21: 5700 | G21: 20890 | H21: =I21-G21 -> 0 | I21: 20890 | J21: =F21*I21 -> 119073000 | K21: 1 | L21: =J21*(1-K21) -> 0 | M21: =J21-L21 -> 119073000 | O21: =I21/54 -> 386.85185
A22: 3 - 3 - 2 | B22: بالمتر المكعب خرسانة مسلحة لزوم الأعمدة | C22: م3 | D22: 121 | E22: =D22*54 -> 6534 | F22: 8450 | G22: 6476 | H22: =I22-G22 -> 0 | I22: =FLOOR(IF('بيان الاعمال'!BH31<مستخلص!E22,'بيان الاعمال'!BH31,مستخلص!E22),1) -> 6476 | J22: =F22*I22 -> 54722200 | K22: 1 | L22: =J22*(1-K22) -> 0 | M22: =J22-L22 -> 54722200 | O22: =I22/54 -> 119.92593 | FF22: =I22/E22 -> 0.99112335
A23: الاجمالى | J23: =SUM(J11:J22) -> 250080535 | L23: =SUM(L11:L22) -> 0 | M23: =SUM(M11:M22) -> 250080535 | O23: =I23/54 -> 0
A24: ملاحظات :- المراجعه الماليه وخصم النسب المقرره طبقا للتعاقد مسئولية الاداره الماليه للجهاز | O24: =I24/54 -> 0
B25: يتم رفع جميع التعليات السابقة | C25: * الكميات المدرجة والمنفذة واعمال الحصر طبقا للمواصفات واصول الصناعة مسئولية الاستشارى المشرف على المشروع دون ادنى مسئولية على الجهاز | O25: =I25/54 -> 0
O26: =I26/54 -> 0
A27: مهندسو الشركة المنفذة | C27: الاستشاري المشرف على المشروع / | J27: مهندسو جهاز المدينة | O27: =I27/54 -> 0
A28: مهندس الشركة المنفذة مدير الموقع | C28: مدير الموقع | E28: رئيس مجموعة الاشراف | G28: مدير المشاريع | J28: مهندس ادارة الاسكان | K28: مدير ادارة الاسكان | L28: المشرف العام على الاسكان والخدمات | N28: مدير المكتب الفنى | O28: =I28/54 -> 0
A29: م / محمد عبد الله م/ عماد حماد | C29: م/ | E29: م / محمد دهشان | G29: د/ احمد سراج | J29: م / مصطفى عبيد | K29: م/ محمد سعد ابو زيد | L29: م/ عرفة احمد علي | N29: م / فوزي شبل علام | O29: =I29/54 -> 0
A30: التوقيع / | B30: التوقيع / | C30: التوقيع / التوقيع / | G30: التوقيع / | J30: التوقيع / | K30: التوقيع / | L30: التوقيع / | N30: التوقيع / | O30: =I30/54 -> 0
M31: يعتمـــــــــــــــــــــــــــــــد ،،،،،، | O31: =I31/54 -> 0
D32: يعتمد مدير مركز بحوث واستشارات التنمية | J32: نائب رئيس الجهاز | M32: رئيس الجهاز ,,, | O32: =I32/54 -> 0
D33: د / نبيل عوض الله | J33: م / وليد نبيل عبد العزيز | M33: د.مهندس / احمد اسماعيل جبر | O33: =I33/54 -> 0
D34: التوقيع / | J34: التوقيع / | M34: التوقيع / | O34: =I34/54 -> 0
A35: ما قبله | J35: =J23 -> 250080535 | L35: =L23 -> 0 | M35: =M23 -> 250080535 | O35: =I35/54 -> 0
A36: رابعا -- أعمــــال الطبـقه العازله | O36: =I36/54 -> 0
A37: 4_1 | B37: بالمتر المسطح توريد وعمل طبقه عزل افقيه للرطوبه | C37: م2 | D37: 330 | E37: =D37*54 -> 17820 | F37: 120 | G37: 18145 | H37: =I37-G37 -> 0 | I37: =ROUNDDOWN('بيان الاعمال'!BH40,1) -> 18145 | J37: =F37*I37 -> 2177400 | K37: 1 | L37: =J37*(1-K37) -> 0 | M37: =J37-L37 -> 2177400 | O37: =I37/54 -> 336.01852
A38: 4_2 | B38: بالمتر المسطح توريد وعمل طبقه عزل افقيه للحراره | C38: م2 | D38: 330 | E38: =D38*54 -> 17820 | F38: 90 | G38: 18145 | H38: =I38-G38 -> 0 | I38: =ROUNDDOWN('بيان الاعمال'!BG43,1) -> 18145 | J38: =F38*I38 -> 1633050 | K38: 1 | L38: =J38*(1-K38) -> 0 | M38: =J38-L38 -> 1633050 | O38: =I38/54 -> 336.01852
A39: 4_3 | B39: بالمتر المسطح توريد وعمل طبقة عازلة افقيه للرطوبه بالحمامات | C39: م2 | D39: 106 | E39: =D39*54 -> 5724 | F39: 250 | G39: 5724 | H39: =I39-G39 -> 0 | I39: =FLOOR(IF('بيان الاعمال'!BH44<مستخلص!E39,'بيان الاعمال'!BH44,مستخلص!E39),1) -> 5724 | J39: =F39*I39 -> 1431000 | K39: 1 | L39: =J39*(1-K39) -> 0 | M39: =J39-L39 -> 1431000 | O39: =I39/54 -> 106
A40: 4_4 | B40: بالمتر المسطح طبقة عازلة من البيتومين للاساسات ومباني قصة الردم | C40: م2 | D40: 795 | E40: =D40*54 -> 42930 | F40: 25 | G40: 43504 | H40: =I40-G40 -> 0 | I40: =FLOOR('بيان الاعمال'!BG47,1) -> 43504 | J40: =F40*I40 -> 1087600 | K40: 1 | L40: =J40*(1-K40) -> 0 | M40: =J40-L40 -> 1087600 | O40: =I40/54 -> 805.62963
A41: 4_5 | B41: بالمتر المسطح طبقة عازلة افقية من الرطوبة من الاسفلتويد | C41: م2 | D41: 27 | E41: =D41*54 -> 1458 | F41: 55 | G41: 1458 | H41: =I41-G41 -> 0 | I41: =FLOOR('بيان الاعمال'!BG49,1) -> 1458 | J41: =F41*I41 -> 80190 | K41: 1 | L41: =J41*(1-K41) -> 0 | M41: =J41-L41 -> 80190 | O41: =I41/54 -> 27
A42: خامسا - اعمـــال المباني | O42: =I42/54 -> 0
A43: 5-1 | B43: بالمترالمكعب مباني طوب اسمنتي مصمت لزوم قصة الردم | C43: م3 | D43: 114 | E43: =D43*54 -> 6156 | F43: 700 | G43: 5685 | H43: =I43-G43 -> 0 | I43: =FLOOR(IF('بيان الاعمال'!BG51<مستخلص!E43,'بيان الاعمال'!BG51,مستخلص!E43),1) -> 5685 | J43: =F43*I43 -> 3979500 | K43: 1 | L43: =J43*(1-K43) -> 0 | M43: =J43-L43 -> 3979500 | O43: =I43/54 -> 105.27778
A44: 5-2 | B44: بالمترالمكعب مباني طوب طفلي مثقب مقاس 25*12*6 سم للادوار | C44: م3 | D44: 100 | E44: =D44*54 -> 5400 | F44: 810 | G44: 5209 | H44: =I44-G44 -> 0 | I44: =FLOOR(IF('بيان الاعمال'!BH54<مستخلص!E44,'بيان الاعمال'!BH54,مستخلص!E44),1) -> 5209 | J44: =F44*I44 -> 4219290 | K44: 1 | L44: =J44*(1-K44) -> 0 | M44: =J44-L44 -> 4219290 | O44: =I44/54 -> 96.462963 | FH44: 3 - 3 - 1 | FI44: بالمتر المكعب خرسانة مسلحة لزوم الأسقف والسلالم والدراوي
A45: 5-3 | B45: بالمترالمربع مباني طوب طفلي مثقب مقاس 25*12*6 سم للادوار | C45: م2 | D45: 1700 | E45: =D45*54 -> 91800 | F45: 85 | G45: 90234 | H45: =I45-G45 -> 0 | I45: =FLOOR(IF('بيان الاعمال'!BH61<مستخلص!E45,'بيان الاعمال'!BH61,مستخلص!E45),1) -> 90234 | J45: =F45*I45 -> 7669890 | K45: 1 | L45: =J45*(1-K45) -> 0 | M45: =J45-L45 -> 7669890 | O45: =I45/54 -> 1671
A46: 5-3-1 | B46: بالمترالمربع مباني طوب اسمنتي مصمت مقاس 25*12*6 سم حمامات ومطابخ | C46: م2 | D46: 850 | E46: =D46*54 -> 45900 | F46: 110 | G46: 47088 | H46: =I46-G46 -> 0 | I46: =FLOOR(IF('بيان الاعمال'!BH69>مستخلص!E46,'بيان الاعمال'!BH69,مستخلص!E46),1) -> 47088 | J46: =F46*I46 -> 5179680 | K46: 1 | L46: =J46*(1-K46) -> 0 | M46: =J46-L46 -> 5179680 | O46: =I46/54 -> 872
A47: الاجمالى | J47: =SUM(J35:J46) -> 277538135 | L47: =SUM(L35:L46) -> 0 | M47: =SUM(M35:M46) -> 277538135 | O47: =I47/54 -> 0 | FG47: =SUM(K47:FF47) -> 277538135 | FH47: =SUM(M11:M46) -> 777699205
A48: ملاحظات :- المراجعه الماليه وخصم النسب المقرره طبقا للتعاقد مسئولية الاداره الماليه للجهاز | O48: =I48/54 -> 0
B49: يتم رفع جميع التعليات السابقة | C49: * الكميات المدرجة والمنفذة واعمال الحصر طبقا للمواصفات واصول الصناعة مسئولية الاستشارى المشرف على المشروع دون ادنى مسئولية على الجهاز | O49: =I49/54 -> 0
O50: =I50/54 -> 0
A51: مهندسو الشركة المنفذة | C51: الاستشاري المشرف على المشروع / | J51: مهندسو جهاز المدينة | O51: =I51/54 -> 0
A52: مهندس الشركة المنفذة مدير الموقع | C52: مدير الموقع | E52: رئيس مجموعة الاشراف | G52: مدير المشاريع | J52: مهندس ادارة الاسكان | K52: مدير ادارة الاسكان | L52: المشرف العام على الاسكان والخدمات | N52: مدير المكتب الفنى | O52: =I52/54 -> 0
A53: م / محمد عبد الله م/ عماد حماد | C53: م/ | E53: م / محمد دهشان | G53: د/ احمد سراج | J53: م / مصطفى عبيد | K53: م/ محمد سعد ابو زيد | L53: م/ عرفة احمد علي | N53: م / فوزي شبل علام | O53: =I53/54 -> 0
A54: التوقيع / | B54: التوقيع / | C54: التوقيع / التوقيع / | G54: التوقيع / | J54: التوقيع / | K54: التوقيع / | L54: التوقيع / | N54: التوقيع / | O54: =I54/54 -> 0
M55: يعتمـــــــــــــــــــــــــــــــد ،،،،،، | O55: =I55/54 -> 0
D56: يعتمد مدير مركز بحوث واستشارات التنمية | J56: نائب رئيس الجهاز | M56: رئيس الجهاز ,,, | O56: =I56/54 -> 0
D57: د / نبيل عوض الله | J57: م / وليد نبيل عبد العزيز | M57: د.مهندس / احمد اسماعيل جبر | O57: =I57/54 -> 0
D58: التوقيع / | J58: التوقيع / | M58: التوقيع / | O58: =I58/54 -> 0
O59: =I59/54 -> 0
A60: ما قبله | J60: =J47 -> 277538135 | L60: =L47 -> 0 | M60: =M47 -> 277538135 | O60: =I60/54 -> 0
A61: سادسا -- أعمــــال البياض | O61: =I61/54 -> 0
A62: 6_1 | B62: بالمتر المسطح توريد وعمل بياض تخشين للحوائط الداخلية بسمك 2 سم | C62: م2 | D62: 3850 | E62: =D62*54 -> 207900 | F62: 50 | G62: 209891 | H62: =I62-G62 -> 0 | I62: =ROUNDDOWN('بيان الاعمال'!BH79,0.1) -> 209891 | J62: =F62*I62 -> 10494550 | K62: 1 | L62: =J62*(1-K62) -> 0 | M62: =J62-L62 -> 10494550 | O62: =I62/54 -> 3886.8704
A63: 6_2 | B63: بالمتر المسطح توريد وعمل بياض تخشين للاسقف بسمك 1.5 سم | C63: م2 | D63: 1590 | E63: =D63*54 -> 85860 | F63: 40 | G63: 86592 | H63: =I63-G63 -> 0 | I63: =ROUNDDOWN('بيان الاعمال'!BH86,0.1) -> 86592 | J63: =F63*I63 -> 3463680 | K63: 1 | L63: =J63*(1-K63) -> 0 | M63: =J63-L63 -> 3463680 | O63: =I63/54 -> 1603.5556
A64: 6-3 | B64: بالمتر المسطح بياض تخشين لزوم الوجهات ( بطانه ) | C64: م2 | D64: 2750 | E64: =D64*54 -> 148500 | F64: 100 | G64: 0 | H64: =I64-G64 -> 0 | I64: =FLOOR(IF('بيان الاعمال'!BH93<مستخلص!E64,'بيان الاعمال'!BH93,مستخلص!E64),1) -> 0 | J64: =F64*I64 -> 0 | K64: 0.7 | L64: =J64*(1-K64) -> 0 | M64: =J64-L64 -> 0 | O64: =I64/54 -> 0
A65: 6-3 | B65: بالمتر المسطح بياض تخشين لزوم الوجهات ( بطانه + ضهاره ) | C65: م2 | G65: 161253 | H65: =I65-G65 -> 0 | I65: 161253 | J65: =I65*F64 -> 16125300 | K65: 0.98 | L65: =J65*(1-K65) -> 322506 | M65: =J65-L65 -> 15802794 | O65: =I65/54 -> 2986.1667
A66: 6-4 | B66: بالمتر المسطح بياض تخشين لزوم اسقف البلكونات والمناشر (بطانه) | C66: م2 | D66: 130 | E66: =54*D66 -> 7020 | F66: 85 | G66: 0 | H66: =I66-G66 -> 0 | I66: =FLOOR(IF('بيان الاعمال'!BH104<مستخلص!E66,'بيان الاعمال'!BH104,مستخلص!E66),1) -> 0 | J66: =F66*I66 -> 0 | K66: 0.7 | L66: =J66*(1-K66) -> 0 | M66: =J66-L66 -> 0 | O66: =I66/54 -> 0
A67: 6-4 | B67: بالمتر المسطح بياض تخشين لزوم اسقف البلكونات والمناشر (بطانه +ضهاره) | C67: م2 | G67: 7394 | H67: =I67-G67 -> 0 | I67: 7394 | J67: =I67*F66 -> 628490 | K67: 0.98 | L67: =J67*(1-K67) -> 12569.8 | M67: =J67-L67 -> 615920.2 | O67: =I67/54 -> 136.92593
A68: 6-5 | B68: بالمتر المسطح عمل بياض تخشين لزوم حوائط السلالم (بطانه) | C68: م2 | D68: 300 | E68: =D68*54 -> 16200 | F68: 100 | G68: 1161 | H68: =I68-G68 -> 0 | I68: =FLOOR(IF('بيان الاعمال'!BH107<مستخلص!E68,'بيان الاعمال'!BH107,مستخلص!E68),1) -> 1161 | J68: =F68*I68 -> 116100 | K68: 0.7 | L68: =J68*(1-K68) -> 34830 | M68: =J68-L68 -> 81270 | O68: =I68/54 -> 21.5
A69: 6-5 | B69: بالمتر المسطح عمل بياض تخشين لزوم حوائط السلالم (بطانه + ضهاره) | C69: م2 | G69: 14517 | H69: =I69-G69 -> 0 | I69: =FLOOR(IF('بيان الاعمال'!BH108<مستخلص!E68,'بيان الاعمال'!BH108,مستخلص!E68),1) -> 14517 | J69: =I69*F68 -> 1451700 | K69: 0.98 | L69: =J69*(1-K69) -> 29034 | M69: =J69-L69 -> 1422666 | O69: =I69/54 -> 268.83333
A70: 6-6 | B70: بالمتر المسطح عمل بياض تخشين لزوم اسقف السلالم (بطانه) | C70: م2 | D70: 125 | E70: =D70*54 -> 6750 | F70: 85 | G70: 482 | H70: =I70-G70 -> 0 | I70: =FLOOR(IF('بيان الاعمال'!BH110<مستخلص!E70,'بيان الاعمال'!BH110,مستخلص!E70),1) -> 482 | J70: =F70*I70 -> 40970 | K70: 0.7 | L70: =J70*(1-K70) -> 12291 | M70: =J70-L70 -> 28679 | O70: =I70/54 -> 8.9259259
A71: 6-6 | B71: بالمتر المسطح عمل بياض تخشين لزوم اسقف السلالم (بطانه + ضهاره) | C71: م2 | G71: 6033 | H71: =I71-G71 -> 0 | I71: 6033 | J71: =I71*F70 -> 512805 | K71: 0.98 | L71: =J71*(1-K71) -> 10256.1 | M71: =J71-L71 -> 502548.9 | O71: =I71/54 -> 111.72222
A72: 6-7 | B72: بالمتر المسطح عمل بياض دراى ميكس لزوم دراوى السطح (بطانه) | C72: م2 | D72: 130 | E72: =D72*54 -> 7020 | F72: 100 | G72: 0 | H72: =I72-G72 -> 0 | I72: =FLOOR(IF('بيان الاعمال'!BH113<مستخلص!E72,'بيان الاعمال'!BH113,مستخلص!E72),1) -> 0 | J72: =F72*I72 -> 0 | K72: 0.7 | L72: =J72*(1-K72) -> 0 | M72: =J72-L72 -> 0 | O72: =I72/54 -> 0
A73: 6-7 | B73: بالمتر المسطح عمل بياض دراى ميكس لزوم دراوى السطح (بطانه +ضهاره) | C73: م2 | G73: 8563 | H73: =I73-G73 -> 0 | I73: =ROUNDDOWN('بيان الاعمال'!BG114,0.1) -> 8563 | J73: =I73*F72 -> 856300 | K73: 0.98 | L73: =J73*(1-K73) -> 17126 | M73: =J73-L73 -> 839174 | O73: =I73/54 -> 158.57407
A74: الاجمالى | J74: =SUM(J60:J73) -> 311228030 | L74: =SUM(L60:L73) -> 438612.9 | M74: =SUM(M60:M73) -> 3.1078942e+08 | O74: =I74/54 -> 0
A75: ملاحظات :- المراجعه الماليه وخصم النسب المقرره طبقا للتعاقد مسئولية الاداره الماليه للجهاز | O75: =I75/54 -> 0
B76: يتم رفع جميع التعليات السابقة | C76: * الكميات المدرجة والمنفذة واعمال الحصر طبقا للمواصفات واصول الصناعة مسئولية الاستشارى المشرف على المشروع دون ادنى مسئولية على الجهاز | O76: =I76/54 -> 0
O77: =I77/54 -> 0
A78: مهندسو الشركة المنفذة | C78: الاستشاري المشرف على المشروع / | J78: مهندسو جهاز المدينة | O78: =I78/54 -> 0
A79: مهندس الشركة المنفذة مدير الموقع | C79: مدير الموقع | E79: رئيس مجموعة الاشراف | G79: مدير المشاريع | J79: مهندس ادارة الاسكان | K79: مدير ادارة الاسكان | L79: المشرف العام على الاسكان والخدمات | N79: مدير المكتب الفنى | O79: =I79/54 -> 0
A80: م / محمد عبد الله م/ عماد حماد | C80: م/ | E80: م / محمد دهشان | G80: د/ احمد سراج | J80: م / مصطفى عبيد | K80: م/ محمد سعد ابو زيد | L80: م/ عرفة احمد علي | N80: م / فوزي شبل علام | O80: =I80/54 -> 0
A81: التوقيع / | B81: التوقيع / | C81: التوقيع / التوقيع / | G81: التوقيع / | J81: التوقيع / | K81: التوقيع / | L81: التوقيع / | N81: التوقيع / | O81: =I81/54 -> 0
M82: يعتمـــــــــــــــــــــــــــــــد ،،،،،، | O82: =I82/54 -> 0
D83: يعتمد مدير مركز بحوث واستشارات التنمية | J83: نائب رئيس الجهاز | M83: رئيس الجهاز ,,, | O83: =I83/54 -> 0
D84: د / نبيل عوض الله | J84: م / وليد نبيل عبد العزيز | M84: د.مهندس / احمد اسماعيل جبر | O84: =I84/54 -> 0
D85: التوقيع / | J85: التوقيع / | M85: التوقيع / | O85: =I85/54 -> 0
A86: ما قبله | J86: =J74 -> 311228030 | L86: =L74 -> 438612.9 | M86: =M74 -> 3.1078942e+08 | O86: =I86/54 -> 0
A87: سابعا --اعمال الارضيات والرخام والسيراميك | O87: =I87/54 -> 0
A88: 7-1 | B88: بالمتر الطولي توريد وتركيب ترابيع رخام للمدخل وبسطات السلالم | C88: م2 | D88: 75 | E88: =D88*54 -> 4050 | F88: 350 | G88: 5062 | H88: =I88-G88 -> 0 | I88: 5062 | J88: =F88*I88 -> 1771700 | K88: 0.99 | L88: =J88*(1-K88) -> 17717 | M88: =J88-L88 -> 1753983 | O88: =I88/54 -> 93.740741
A89: 7-2 | B89: بالمتر الطولي توريد وتركيب كسوه رخام لحوائط المدخل | C89: م2 | D89: 20 | E89: =D89*54 -> 1080 | F89: 380 | G89: 1153 | H89: =I89-G89 -> 0 | I89: 1153 | J89: =F89*I89 -> 438140 | K89: 0.99 | L89: =J89*(1-K89) -> 4381.4 | M89: =J89-L89 -> 433758.6 | O89: =I89/54 -> 21.351852
A90: 7-3 | B90: بالمتر الطولي توريد وتركيب كسوه رخام جلاله لدرج السلم | C90: م.ط | D90: 128 | E90: =D90*54 -> 6912 | F90: 265 | G90: 6935 | H90: =I90-G90 -> 0 | I90: 6935 | J90: =F90*I90 -> 1837775 | K90: 0.99 | L90: =J90*(1-K90) -> 18377.75 | M90: =J90-L90 -> 1819397.2 | O90: =I90/54 -> 128.42593
A91: 7-4 | B91: بالمتر المسطح توريد وتركيب بلاط موزايكو للاسطح | C91: م2 | D91: 325 | E91: =D91*54 -> 17550 | F91: 145 | G91: 17975 | H91: =I91-G91 -> 0 | I91: 17975 | J91: =F91*I91 -> 2606375 | K91: 0.99 | L91: =J91*(1-K91) -> 26063.75 | M91: =J91-L91 -> 2580311.2 | O91: =I91/54 -> 332.87037
A92: 7-5 | B92: بالمتر المسطح توريد تركيب بلاط سيراميك لارضيات للغرف والصالات والمداخل والطرقات | C92: م2 | D92: 1460 | E92: =D92*54 -> 78840 | F92: 175 | G92: 79812 | H92: =I92-G92 -> 0 | I92: 79812 | J92: =F92*I92 -> 13967100 | K92: 0.99 | L92: =J92*(1-K92) -> 139671 | M92: =J92-L92 -> 13827429 | O92: =I92/54 -> 1478
A93: 7-6 | B93: بالمتر المسطح توريد وتركيب بلاط سيراميك لارضيات الحمامات والمطابخ | C93: م2 | D93: 235 | E93: =D93*54 -> 12690 | F93: 160 | G93: 12582 | H93: =I93-G93 -> 0 | I93: =FLOOR(IF('بيان الاعمال'!BH132<مستخلص!E93,'بيان الاعمال'!BH132,مستخلص!E93),1) -> 12582 | J93: =F93*I93 -> 2013120 | K93: 0.99 | L93: =J93*(1-K93) -> 20131.2 | M93: =J93-L93 -> 1992988.8 | O93: =I93/54 -> 233
A94: 7-7 | B94: بالمتر المسطح توريد وتركيب بلاط سيراميك لحوائط الحمامات والمطابخ | C94: م2 | D94: 1100 | E94: =D94*54 -> 59400 | F94: 170 | G94: 59292 | H94: =I94-G94 -> 0 | I94: =FLOOR(IF('بيان الاعمال'!BH139<مستخلص!E94,'بيان الاعمال'!BH139,مستخلص!E94),1) -> 59292 | J94: =F94*I94 -> 10079640 | K94: 0.99 | L94: =J94*(1-K94) -> 100796.4 | M94: =J94-L94 -> 9978843.6 | O94: =I94/54 -> 1098
A95: الاجمالى | J95: =SUM(J86:J94) -> 343941880 | L95: =SUM(L86:L94) -> 765751.4 | M95: =SUM(M86:M94) -> 3.4317613e+08 | O95: =I95/54 -> 0
A96: ملاحظات :- المراجعه الماليه وخصم النسب المقرره طبقا للتعاقد مسئولية الاداره الماليه للجهاز | O96: =I96/54 -> 0
B97: يتم رفع جميع التعليات السابقة | C97: * الكميات المدرجة والمنفذة واعمال الحصر طبقا للمواصفات واصول الصناعة مسئولية الاستشارى المشرف على المشروع دون ادنى مسئولية على الجهاز | O97: =I97/54 -> 0
O98: =I98/54 -> 0
A99: مهندسو الشركة المنفذة | C99: الاستشاري المشرف على المشروع / | J99: مهندسو جهاز المدينة | O99: =I99/54 -> 0
A100: مهندس الشركة المنفذة مدير الموقع | C100: مدير الموقع | E100: رئيس مجموعة الاشراف | G100: مدير المشاريع | J100: مهندس ادارة الاسكان | K100: مدير ادارة الاسكان | L100: المشرف العام على الاسكان والخدمات | N100: مدير المكتب الفنى | O100: =I100/54 -> 0
A101: م / محمد عبد الله م/ عماد حماد | C101: م/ | E101: م / محمد دهشان | G101: د/ احمد سراج | J101: م / مصطفى عبيد | K101: م/ محمد سعد ابو زيد | L101: م/ عرفة احمد علي | N101: م / فوزي شبل علام | O101: =I101/54 -> 0
...

Sheet تشوينات
A1: وزارة الاسكان والمرافق والمجتمعات العمرانية | C1: تشوينات مستخلص جارى رقم 33 ) | J1: الاعمال المنفذة من بدء العمل الى 2025/10/31 | P1: عدد العمارات
C2: تنفيذ عدد 54 عمارة ضمن المرحلة الخامسة بالحى الــ 15 بمدينة العبور الجديدة | P2: 32
A3: هيئة المجتمعات العمرانية الجديدة | C3: عملية رقم ( 3 )
C4: مقاولة / شركة المهندس / احمد سعد حسن عبد الجواد للمقاولات المتكاملة | J4: تاريخ بدء الاعمال 21 / 9 / 2022 تاريخ النهو المقرر 21 / 3 / 2024
A5: جهاز مدينة العبور الجديدة | C5: استشارى المشروع / مركز بحوث واستشارات التنمية ( هندسة الفيوم )
C6: بموجب امر الاسناد رقم (66) بتاريخ 2022/9/15 | J6: تاريخ النهو المعدل 2025/9/30
A7: البند | B7: بنود الأعمال | C7: وحدة | D7: كمية المقايسة | E7: الكمية التعاقدية | F7: الفئة | G7: كمية الأعمال | J7: قيمة الأعمال | K7: نسبة الصرف | L7: قيمة الخصم بالجنية | M7: صافى القيمة | N7: ملاحظات
G8: السابق | H8: الجارى | I8: الجملة | J8: بالجنية | M8: بالجنية | GD8: عدد العمارات تشوينات
A9: 1-12 | B9: بالعدد توريد وتركيب مرحاض افرنجي | C9: عدد | D9: 24 | E9: =D9*54 -> 1296 | F9: 2000 | G9: 0 | H9: =I9-G9 -> 0 | I9: 0 | J9: =I9*F9 -> 0 | K9: 0.5 | L9: =J9*(1-K9) -> 0 | M9: =J9-L9 -> 0 | GA9: =M9*0.97*0.75 -> 0 | GB9: =M9*0.75*0.97 -> 0
A10: 2-12 | B10: بالعدد توريد وتركيب حوض غسيل ايدي | C10: عدد | D10: 24 | E10: =54*D10 -> 1296 | F10: 1500 | G10: 0 | H10: =I10-G10 -> 0 | I10: 0 | J10: =I10*F10 -> 0 | K10: 0.5 | L10: =J10*(1-K10) -> 0 | M10: =J10-L10 -> 0 | GA10: =M10*0.97*0.75 -> 0 | GB10: =M10*0.75*0.97 -> 0
A11: 4-12 | B11: بالعدد توريد وتركيب حوض مطبخ استانلس | C11: عدد | D11: 24 | E11: =54*D11 -> 1296 | F11: 1400 | G11: 0 | H11: =I11-G11 -> 0 | I11: 0 | J11: =I11*F11 -> 0 | K11: 0.5 | L11: =J11*(1-K11) -> 0 | M11: =J11-L11 -> 0 | GA11: =M11*0.97*0.75 -> 0 | GB11: =M11*0.75*0.97 -> 0
A12: 4-11 | B12: بالمتر المسطح توريد وتركيب بلاط انترلوك ملون | C12: م2 | D12: 220 | E12: =D12*54 -> 11880 | F12: 140 | G12: 6600 | H12: =I12-G12 -> 0 | I12: =30*220 -> 6600 | J12: =I12*F12 -> 924000 | K12: 0.6 | L12: =J12*(1-K12) -> 369600 | M12: =J12-L12 -> 554400 | GA12: =M12*0.97*0.75 -> 403326 | GB12: =M12*0.75*0.97 -> 403326
A13: اجمالي | J13: =SUM(J9:J12) -> 924000 | L13: =SUM(L9:L12) -> 369600 | M13: =SUM(M9:M12) -> 554400 | GB13: =SUM(GB9:GB12) -> 403326
A14: ملاحظات :- المراجعه الماليه وخصم النسب المقرره طبقا للتعاقد مسئولية الاداره الماليه للجهاز
C15: * التشوينات المدرجه في عهدة الشركة لحين ادراجها باول مستخلص جاري
A17: مهندسو الشركة المنفذة | C17: الاستشاري المشرف على المشروع / | J17: مهندسو جهاز المدينة
A18: مهندس الشركة المنفذة مدير الموقع | C18: مدير الموقع | E18: رئيس مجموعة الاشراف | G18: مدير المشاريع | J18: مهندس ادارة الاسكان | K18: مدير ادارة الاسكان | L18: المشرف العام على الاسكان والخدمات | N18: مدير المكتب الفنى
A19: م / محمد عبد الله م/ عماد حماد | C19: م/ | E19: م / محمد دهشان | G19: د/ احمد سراج | J19: م / مصطفى عبيد | K19: م/ محمد سعد ابو زيد | L19: م/ عرفة احمد علي | N19: م / فوزي شبل علام
A20: / التوقيع / التوقيع | C20: التوقيع / التوقيع / | G20: التوقيع / | J20: التوقيع / | K20: التوقيع / | L20: التوقيع / | N20: التوقيع /
M21: يعتمـــــــــــــــــــــــــــــــد ،،،،،،
D22: يعتمد مدير مركز بحوث واستشارات التنمية | J22: نائب رئيس الجهاز | M22: رئيس الجهاز ,,,
D23: د / نبيل عوض الله | J23: م / وليد نبيل عبد العزيز | M23: د.مهندس / احمد اسماعيل جبر
J24: التوقيع / | M24: التوقيع /
D25: التوقيع /
A26: اجمالي ما قبله | J26: =J13 -> 924000 | L26: =L13 -> 369600 | M26: =M13 -> 554400
A27: تشوينات اعمال انارة الموقع العام | O27: =E27-I27 -> 0 | GB27: =M30*0.97*0.75 -> 612846
A28: 2 | B28: توريد عامود انارة حدائق بارتفاع 5 م | C28: عدد | D28: 4 | E28: =D28*54 -> 216 | F28: 7200 | G28: 0 | H28: =I28-G28 -> 0 | I28: 0 | J28: =I28*F28 -> 0 | K28: 0.5 | L28: =J28*( 1-K28) -> 0 | M28: =J28-L28 -> 0 | O28: =E28-I28 -> 216 | GA28: =M28*0.97*0.75 -> 0
A29: 3 | B29: كابل ارضي مسلح 4*16 مم2 | C29: م0ط | D29: 80 | E29: =54*D29 -> 4320 | F29: 160 | G29: 3000 | H29: =I29-G29 -> 0 | I29: 3000 | J29: =I29*F29 -> 480000 | K29: 0.6 | L29: =J29*( 1-K29) -> 192000 | M29: =J29-L29 -> 288000 | GA29: =M29*0.97*0.75 -> 209520
A30: الاجمالي للتشوينات | J30: =SUM(J26:J29) -> 1404000 | L30: =SUM(L26:L29) -> 561600 | M30: =SUM(M26:M29) -> 842400 | GA30: =SUM(GA2:GA29) -> 612846
A31: ملاحظات :- المراجعه الماليه وخصم النسب المقرره طبقا للتعاقد مسئولية الاداره الماليه للجهاز
B32: يتم رفع جميع التعليات السابقة | D32: * الكميات المدرجة والمنفذة واعمال الحصر طبقا للمواصفات واصول الصناعة مسئولية الاستشارى المشرف على المشروع دون ادنى مسئولية على الجهاز | Q32: =SUM(K12:K13) -> 0.6
A34: ملاحظات :- المراجعه الماليه وخصم النسب المقرره طبقا للتعاقد مسئولية الاداره الماليه للجهاز
C35: * التشوينات المدرجه في عهدة الشركة لحين ادراجها باول مستخلص جاري
A37: مهندسو الشركة المنفذة | C37: الاستشاري المشرف على المشروع / | J37: مهندس المشروع بالجهاز مهندس الجهاز مدير اداره الكهرباء مدير المكتب الفني
A38: مهندس الشركة المنفذة مدير الموقع | C38: مهندس الكهرباء | E38: رئيس مجموعة الاشراف | G38: مدير المشاريع
A39: م / محمد عبد الله م/ عماد حماد | C39: م/ | E39: م / محمد دهشان | G39: د/ احمد سراج | J39: ا-جمال عوض م-احمد ابو الفتوح م/ خالد عبيد م/ فوزي شبل علام | GA39: الله اكبر - النصر لغزة
A40: / التوقيع / التوقيع | C40: التوقيع / التوقيع / | G40: التوقيع / | J40: التوقيع / | K40: التوقيع / | L40: التوقيع / | N40: التوقيع /
M41: يعتمـــــــــــــــــــــــــــــــد ،،،،،،
D42: يعتمد مدير مركز بحوث واستشارات التنمية | J42: نائب رئيس الجهاز | M42: رئيس الجهاز ,,,
D43: د / نبيل عوض الله | J43: م / اشرف عبد الوهاب بيومي | M43: د.مهندس / احمد اسماعيل جبر
D44: التوقيع / | J44: التوقيع / | M44: التوقيع /
E45: طباعه

Sheet تفصيلة المستخلص
E8: تفصيل مستخلص 15 بتاريخ 1-1-2024
E9: م | F9: البند | G9: الكمية الحالية المدرجة بالمستخلص | H9: السعر | I9: نسبة الصرف | J9: اجمالى
F10: رفع نسبة الحفر 5 % | G10: 51120 | H10: 90 | I10: 0.05 | J10: =I10*H10*G10 -> 230040
E11: 1 | F11: اسقف | G11: =مستخلص!H21 -> 0 | H11: =مستخلص!F21 -> 5700 | I11: 0.98 | J11: =I11*H11*G11 -> 0
E12: 2 | F12: اعمدة | G12: =مستخلص!H22 -> 0 | H12: =مستخلص!F22 -> 8450 | I12: 0.98 | J12: =I12*H12*G12 -> 0
E13: 3 | F13: طوب طفلى مكعب | G13: 139 | H13: 810 | I13: 0.95 | J13: =I13*H13*G13 -> 106960.5
E14: 4 | F14: طوب طفلى مسطح | G14: 2514 | H14: 85 | I14: 0.95 | J14: =I14*H14*G14 -> 203005.5
E15: 5 | F15: طوب اسمنتى مسطح | G15: 1396 | H15: 110 | I15: 0.95 | J15: =I15*H15*G15 -> 145882
E16: 6 | F16: بياض حوائط | G16: 3243 | H16: 50 | I16: 0.9 | J16: =I16*H16*G16 -> 145935
E17: 7 | F17: بياض اسقف | G17: 1339 | H17: 40 | I17: 0.9 | J17: =I17*H17*G17 -> 48204
E18: 8 | F18: بياض واجهات\ | G18: 2967 | H18: 100 | I18: 0.9 | J18: =I18*H18*G18 -> 267030
F19: ب2 حلوق | G19: 20 | H19: 3850 | I19: 0.2 | J19: =I19*H19*G19 -> 15400
F20: ب3 حلوق | G20: 60 | H20: 2300 | I20: 0.2 | J20: =I20*H20*G20 -> 27600
F21: كريتال بلكونات ومناشر | G21: 35 | H21: 23474 | I21: 0.95 | J21: =I21*H21*G21 -> 780510.5
F22: مرحاض افرنجى | G22: 2000 | H22: 208 | I22: 0.15 | J22: =I22*H22*G22 -> 62400
F23: وض غسيل ايدى | G23: 1500 | H23: 208 | I23: 0.15 | J23: =I23*H23*G23 -> 46800
F24: حوض قدم | G24: 1700 | H24: 208 | I24: 0.15 | J24: =I24*H24*G24 -> 53040
F25: حوض مطبخ | G25: 1400 | H25: 208 | I25: 0.15 | J25: =I25*H25*G25 -> 43680
E26: اجمالى مدنى | J26: =SUM(J10:J25) -> 2176487.5
E27: اجمالى مدنى بعد خصم نسبة التعاقد 3% | J27: =J26*0.97 -> 2111192.9
E28: اجمالى كهرباء | J28: 296405.35
E29: اجمالى كهرباء بعد خصم نسبة التعاقد 3% | J29: =J28*0.97 -> 287513.19
E30: 1 | F30: خصم حديد المكافئ للكمية | G30: -300 | H30: 28000 | I30: 0.75 | J30: =I30*H30*G30 -> -6300000
E32: الصافى | J32: =J26+J30+J29 -> -3835999.3
E33: امر دفع | J33: ='اجمالى تفصيلة '!C36 -> -3502472.1

Sheet اجمالى تفصيلة 
A1: بيان مستخلص جــــــــاري رقـــــــــم ( 14 )
A2: البيان | B2: السابق | C2: الحالي | D2: الصـــــــافي
A3: اعتيادي | B3: 0 | C3: =مستخلص!M200*0.97 -> 4.1119039e+08 | D3: ='تفصيلة المستخلص'!J27 -> 2111192.9
A4: كهرباء | B4: 0 | C4: =0.97*'كهرباء 54'!O38 -> 18242977 | D4: ='تفصيلة المستخلص'!J29 -> 287513.19 | E4: =SUM(D3:D4) -> 2398706.1
A5: تشوينات بعد خصم 25% | B5: 0 | C5: =تشوينات!GA13 -> 0 | D5: ='تفصيلة المستخلص'!J30 -> -6300000 | E5: =C3+C5 -> 4.1119039e+08
A6: الاجمـــــــــــــــــــالي | B6: =SUM(B3:B5) -> 0 | C6: =C5+C4+C3 -> 4.2943337e+08 | D6: =D3+D4+D5 -> -3901293.9 | I6: 31931397
A7: الصافي بدون تشوينات | D7: =D3+D4 -> 2398706.1
A8: الصافي بعد خصم الضريبة 5% | D8: =D7/1.05 -> 2284482 | E8: =D7*0.95 -> 2278770.8
A9: الصافي بعد خصم التشوينات | D9: =D8+D5 -> -4015518
A10: الصافي المستحق بعد تعلية 3 % | D10: =D3+D4+D5 -> -3901293.9
A11: الاستقطاعات | B11: النسبة | C11: قيمة الاستقطاعات | I11: 47457351
A12: ضمان الاعمال | B12: 0.05 | C12: =B12*D7 -> 119935.3
A13: تامين الاشغالات | B13: 0.0025686688 | C13: =B13*D9 -> -10314.536 | E13: 46769.2 | G13: =E13/D9 -> -0.011647115
A14: الدمغة النسبية | B14: 0.006 | C14: =B14*D9 -> -24093.108
A15: الدمغة الإضافية | B15: 0.018 | C15: =B15*D9 -> -72279.325
A16: دمغة نقابة مهن هندسية | B16: 0.0045 | C16: =B16*D9 -> -18069.831
A17: دمغة نقابة مهن تطبيقية | B17: 0 | C17: 0
A18: تامينات اجتماعية | B18: 0.0219 | C18: =B18*D9 -> -87939.845
A19: أرباح تجارية وصناعية | B19: 0 | C19: =B19*D9 -> 0
A20: ضريبة القيمة المضافة | B20: 0.05 | C20: =B20*D8 -> 114224.1
A21: الاتحاد المصري | B21: 0 | C21: 0
A22: تحيا مصر | B22: 0.01 | C22: =B22*D9 -> -40155.18
A23: تراخيص | B23: 0 | C23: 10000
A24: غرامة تأخير | B24: 0 | C24: 0
A25: عائد استثمار رصيد دفعة مقدمة | B25: 0 | C25: 0
A26: تعليات لحين سداد التامينات | B26: 0 | C26: 0
A27: تعلية بنود متجاوزة | B27: 0 | C27: 0
A28: تعلية بنود مستجدة | B28: 0 | C28: 0
A29: استهلاك الدفعة المقدمة | B29: 0.1 | C29: =0.1*D10 -> -390129.39 | E29: 0.15
A30: محضر الاستلام | B30: 0 | C30: 0 | E30: =0.05*112720000 -> 5636000
A31: تامين نهائي | B31: 0.1 | C31: 0
A32: معلى للشركة في الدائنة | B32: 0 | C32: 0 | I32: 2
A33: عائد كميات / نسب سالبة | B33: 0 | C33: 0
A34: معلى لحساب الشركة | B34: 0 | C34: 0
A35: جملة الاستقطاعات | C35: =SUM(C12:D32) -> -398821.82
A36: الصافي بعد الاستقطاعات | C36: =D6-C35 -> -3502472.1
E37: طبقا للمستخلص رقم 8 لما كان فى 450 طن بسعر 17000 و 1200 طن بسعر 28000 | H37: 13154928
C42: =C36-H37 -> -16657401
A87: 7_5
A88: 7_6
A89: 7_7
A120: تاسعا - أعمــــال الفتحات ( نجاره باب وشباك )
A125: تاســعا -أعمــــال الفتحات ( الالومنيوم )
A156: عاشرا -أعمــــال الحداده

Sheet خطاب (2)
B2: هيئة المجتمعات العمرانية الجديدة
B3: جهاز تنمية مدينة العبور الجديدة
B4: المكتب الفنى
B5: تقرير مراجعة المستخلص الجارى رقم (33 ) عن الأعمال المنفذة من بدء العمل حتى 2025/8/31
B6: · عملية: إنشاء عدد ( 54 ) عمارة سكنية ضمن مشروع الإسكان الإجتماعى عملية ( 3 )
B7: بالحى الخامس عشر بمدينة العبور الجديدة.
B8: مقاولة / شــركة المهندس / احمد سعد حسن للمقاولات المتكاملة
B9: تم إسنادها طبقا للقانون رقم : 182 لسنة : 2018 بناء على أمر الإسناد رقم : 66 بتاريخ 15 / 9 / 2022
B10: القيمة التعاقدية (طبقا لأمر الإسناد) : | H10: 4.4782438e+08 | M10: جنيهاً مصرياً
B11: مدة العملية طبقا لأمر الإسناد : 18 شهر
B12: تاريخ البدء المقرر : 21 / 9 / 2022
B13: تاريخ النهو المقرر : 21 / 3 / 2024
B14: تاريخ النهو المعدل 1 : 20 / 9 / 2024
B15: تاريخ النهو المعدل 2 : 6 / 2 / 2025
B16: تاريخ النهو المعدل 3 : 6 / 5 / 2025
B17: تاريخ النهو المعدل 4 : 30/ 9 / 2025
B18: اجمالى قيمة الاعمال المقرر تنفيذها طبقا للبرنامج الزمنى حتى | I18: 45900 | L18: 432000000 | P18: جنيهاً مصرياً
B20: نسبة الانجاز طبقا للبرنامج الزمنى ( المستهدف ) | J20: =L18/H10 -> 0.96466387
B22: اجمالى قيمة الاعمال المنفذة حتى المستخلص الحالي | I22: =I18 -> 45900 | L22: ='اجمــــــــاليات '!C3+'اجمــــــــاليات '!C4 -> 4.3383614e+08 | P22: جنيهاً مصرياً
B24: نسبة الانجاز المالى للاعمال من بدء العمل حتى المستخلص الحالى | J24: =L22/H10 -> 0.96876399 | L24: من القيمة التعاقدية | Q24: =L22/451643000 -> 0.96057314
B26: اجمالى قيمة الاعمال المنفذة حتى المستخلص السابق | I26: 45869 | L26: ='اجمــــــــاليات '!B3+'اجمــــــــاليات '!B4 -> 4.3117058e+08 | P26: جنيهاً مصرياً
B28: نسبة الانجاز المالى للاعمال من بدء العمل حتى المستخلص السابق | J28: =L26/H10 -> 0.96281175 | L28: من القيمة التعاقدية
B30: صافى قيمة الاعمال المنفذة للمستخلص الحالى | L30: ='اجمــــــــاليات '!D3+'اجمــــــــاليات '!D4 -> 2665559.4 | O30: جنيهاً مصرياً
B31: نسبة صافي قيمة الاعمال المنفذة للمستخلص الحالى | L31: =L30/H10 -> 0.0059522427
B34: قيمة التشوينات من بدء العمل حتي المستخلص الحالي | J34: =تشوينات!M30 -> 842400 | M34: جنيهاً مصرياً
B35: أ- التجاوز فى حدود ال 25% حتى تاريخه : | G35: لا يوجد
B36: ب- التجاوز اكثر من ال25% حتى تاريخه : | G36: لا يوجد | S36: 5.5555556e+21
B37: البنود المستجدة حتى تاريخه : | G37: لا يوجد
B39: مدير جهاز الإشراف مدير ادارة الاسكان المشرف العام على الاسكان والخدمات مدير المكتب الفنى
N41: يعتمد """"""
N42: نائب رئيس الجهاز

Sheet التحقق من التشوينات 
I4: 54
F8: م | G8: رقم البند | H8: اسم البند | I8: كمية الحصر الختامية ل 54 عمارة | J8: الكمية المدرجة فى بيان الاعمال | L8: الكمية المدرجة فى التشوينات | N8: مجموع الكميات فى المستخلص والتشوينات
J9: بالوحدة | K9: بالعمارة | L9: بالوحدة | M9: بالعمارة | N9: بالوحدة | O9: بالعمارة
F10: 1 | G10: 1-4 | H10: بالمتر السطح طبقة افقية عازلة للرطوبة للاسطح بسمك 4 مم | I10: 18144 | J10: =مستخلص!I37 -> 18145 | K10: =(J10/$I10)*$I$4 -> 54.002976 | L10: =تشوينات!#REF! -> #REF! | M10: =(L10/$I10)*$I$4 -> #REF! | N10: =J10+L10 -> #REF! | O10: =(N10/$I10)*$I$4 -> #REF! | P10: =IF(N10>I10,"FALSE","TRUE") -> #REF!
F11: 2 | G11: 2-4 | H11: بالمتر السطح طبقة افقية عازلة الحرارة للاسطح | I11: 18144 | J11: =مستخلص!I38 -> 18145 | K11: =(J11/$I11)*$I$4 -> 54.002976 | L11: =تشوينات!#REF! -> #REF! | M11: =(L11/$I11)*$I$4 -> #REF! | N11: =J11+L11 -> #REF! | O11: =(N11/$I11)*$I$4 -> #REF! | P11: =IF(N11>I11,"FALSE","TRUE") -> #REF!
F12: 3 | G12: 3-4 | H12: بالمتر المسطح طبقة افقية عازلة افقية للرطوبة بالحمامات سمك 3 مم | I12: 5724 | J12: =مستخلص!I39 -> 5724 | K12: =(J12/$I12)*$I$4 -> 54 | L12: =تشوينات!#REF! -> #REF! | M12: =(L12/$I12)*$I$4 -> #REF! | N12: =J12+L12 -> #REF! | O12: =(N12/$I12)*$I$4 -> #REF! | P12: =IF(N12>I12,"FALSE","TRUE") -> #REF!
F13: 4 | G13: 4-7 | H13: بالمتر المسطح توريد وتركيب بلاط موزايكو للاسطح | I13: 17975.52 | J13: =مستخلص!I91 -> 17975 | K13: =(J13/$I13)*$I$4 -> 53.998438 | L13: =تشوينات!#REF! -> #REF! | M13: =(L13/$I13)*$I$4 -> #REF! | N13: =J13+L13 -> #REF! | O13: =(N13/$I13)*$I$4 -> #REF! | P13: =IF(N13>I13,"FALSE","TRUE") -> #REF!
F14: 5 | G14: 5-7 | H14: بالمتر المسطح توريد وتركيب سيراميك لزوم ارضية للغرف والصالات والطرقات والبلكونات | I14: 79812 | J14: =مستخلص!I92 -> 79812 | K14: =(J14/$I14)*$I$4 -> 54 | L14: =تشوينات!#REF! -> #REF! | M14: =(L14/$I14)*$I$4 -> #REF! | N14: =J14+L14 -> #REF! | O14: =(N14/$I14)*$I$4 -> #REF! | P14: =IF(N14>I14,"FALSE","TRUE") -> #REF!
F15: 6 | G15: 6-7 | H15: بالمترالمسطح توريد وتركيب سيراميك لزوم ارضية الحمامات والمطابخ | I15: 12616.56 | J15: =مستخلص!I93 -> 12582 | K15: =(J15/$I15)*$I$4 -> 53.85208 | L15: =تشوينات!#REF! -> #REF! | M15: =(L15/$I15)*$I$4 -> #REF! | N15: =J15+L15 -> #REF! | O15: =(N15/$I15)*$I$4 -> #REF! | P15: =IF(N15>I15,"FALSE","TRUE") -> #REF!
F16: 7 | G16: 7-7 | H16: بالمترالمسطح توريد وتركيب سيراميك لزوم حوائط الحمامات والمطابخ | I16: 59317.38 | J16: =مستخلص!I94 -> 59292 | K16: =(J16/$I16)*$I$4 -> 53.976895 | L16: =تشوينات!#REF! -> #REF! | M16: =(L16/$I16)*$I$4 -> #REF! | N16: =J16+L16 -> #REF! | O16: =(N16/$I16)*$I$4 -> #REF! | P16: =IF(N16>I16,"FALSE","TRUE") -> #REF!
F17: 8 | G17: 2-9 | H17: حلوق ابواب الشقة ب 2 ( 2*6 ) بوصة | I17: 1296 | J17: =مستخلص!I119 -> 0 | K17: =(J17/$I17)*$I$4 -> 0 | L17: =تشوينات!#REF! -> #REF! | M17: =(L17/$I17)*$I$4 -> #REF! | N17: =J17+L17 -> #REF! | O17: =(N17/$I17)*$I$4 -> #REF! | P17: =IF(N17>I17,"FALSE","TRUE") -> #REF!
F18: 9 | G18: 2-9 | H18: ضلف ابواب الشقة ب 2 ( 2*6 ) بوصة | I18: 1296 | K18: =(J18/$I18)*$I$4 -> 0 | L18: =تشوينات!#REF! -> #REF! | M18: =(L18/$I18)*$I$4 -> #REF! | N18: =J18+L18 -> #REF! | O18: =(N18/$I18)*$I$4 -> #REF! | P18: =IF(N18>I18,"FALSE","TRUE") -> #REF!
F19: 10 | G19: 3-9 | H19: حلوق ابواب الغرف ب3 (2*7) بوصة | I19: 3888 | J19: =مستخلص!I123 -> 0 | K19: =(J19/$I19)*$I$4 -> 0 | L19: =تشوينات!#REF! -> #REF! | M19: =(L19/$I19)*$I$4 -> #REF! | N19: =J19+L19 -> #REF! | O19: =(N19/$I19)*$I$4 -> #REF! | P19: =IF(N19>I19,"FALSE","TRUE") -> #REF!
F20: 11 | G20: 3-9 | H20: ضلف ابواب الغرف ب3 (2*7) بوصة | I20: 3888 | K20: =(J20/$I20)*$I$4 -> 0 | L20: =تشوينات!#REF! -> #REF! | M20: =(L20/$I20)*$I$4 -> #REF! | N20: =J20+L20 -> #REF! | O20: =(N20/$I20)*$I$4 -> #REF! | P20: =IF(N20>I20,"FALSE","TRUE") -> #REF!
F21: 12 | G21: 4-9 | H21: حلوق ابواب الحمامات والمطابخ ب4 (2*7 ) بوصة | I21: 2592 | J21: =مستخلص!I127 -> 0 | K21: =(J21/$I21)*$I$4 -> 0 | L21: =تشوينات!#REF! -> #REF! | M21: =(L21/$I21)*$I$4 -> #REF! | N21: =J21+L21 -> #REF! | O21: =(N21/$I21)*$I$4 -> #REF! | P21: =IF(N21>I21,"FALSE","TRUE") -> #REF!
F22: 13 | G22: 4-9 | H22: ضلف ابواب الحمامات والمطابخ ب4 (2*7 ) بوصة | I22: 2592 | K22: =(J22/$I22)*$I$4 -> 0 | L22: =تشوينات!#REF! -> #REF! | M22: =(L22/$I22)*$I$4 -> #REF! | N22: =J22+L22 -> #REF! | O22: =(N22/$I22)*$I$4 -> #REF! | P22: =IF(N22>I22,"FALSE","TRUE") -> #REF!
F23: 14 | G23: 1-10 | H23: بالكجم توريد وتركيب درابزين للسلالم والبلكونات والمناشر | I23: 135000 | J23: =مستخلص!I151 -> 143100 | K23: =(J23/$I23)*$I$4 -> 57.24 | L23: =تشوينات!#REF! -> #REF! | M23: =(L23/$I23)*$I$4 -> #REF! | N23: =J23+L23 -> #REF! | O23: =(N23/$I23)*$I$4 -> #REF! | P23: =IF(N23>I23,"FALSE","TRUE") -> #REF!
F24: 15 | G24: 1-11 | H24: بالمتر المسطح توريد وتركيب كسوه من البازلت | I24: 3675.73 | J24: =مستخلص!I155 -> 3672 | K24: =(J24/$I24)*$I$4 -> 53.945203 | L24: =تشوينات!#REF! -> #REF! | M24: =(L24/$I24)*$I$4 -> #REF! | N24: =J24+L24 -> #REF! | O24: =(N24/$I24)*$I$4 -> #REF! | P24: =IF(N24>I24,"FALSE","TRUE") -> #REF!
F25: 16 | G25: 3-12 | H25: بالعدد توريد وتركيب حوض قدم اكريلك | I25: 1296 | J25: =مستخلص!I183 -> 48 | K25: =(J25/$I25)*$I$4 -> 2 | L25: =تشوينات!#REF! -> #REF! | M25: =(L25/$I25)*$I$4 -> #REF! | N25: =J25+L25 -> #REF! | O25: =(N25/$I25)*$I$4 -> #REF! | P25: =IF(N25>I25,"FALSE","TRUE") -> #REF!
F26: 17 | G26: 7-12 | H26: مواسير قطر 110 مم | I26: 4606 | J26: =مستخلص!I191 -> 4606 | K26: =(J26/$I26)*$I$4 -> 54 | L26: =تشوينات!#REF! -> #REF! | M26: =(L26/$I26)*$I$4 -> #REF! | N26: =J26+L26 -> #REF! | O26: =(N26/$I26)*$I$4 -> #REF! | P26: =IF(N26>I26,"FALSE","TRUE") -> #REF!
F27: 18 | H27: مواسير قطر 85 مم | I27: 9018 | J27: =مستخلص!I192 -> 9018 | K27: =(J27/$I27)*$I$4 -> 54 | L27: =تشوينات!#REF! -> #REF! | M27: =(L27/$I27)*$I$4 -> #REF! | N27: =J27+L27 -> #REF! | O27: =(N27/$I27)*$I$4 -> #REF! | P27: =IF(N27>I27,"FALSE","TRUE") -> #REF!

Sheet الجارى
E3: رقم بند | F3: بنود الأعمال | G3: وحدة | H3: كمية المقايسة | I3: الكمية التعاقدية | J3: الفئة | K3: كمية الأعمال | L3: الجارى | N3: قيمة الأعمال | O3: نسبة الصرف | P3: قيمة الخصم بالجنية | Q3: صافى القيمة | R3: ملاحظات | S3: قيمة الجارى
K4: السابق | M4: الجملة | N4: بالجنية | Q4: بالجنية
E9: =مستخلص!A19 -> 3 - 1 | F9: =مستخلص!B19 -> بالمتر المسطح عمل دكة من الخرسانة المسلحة | G9: =مستخلص!C19 -> م2 | H9: =مستخلص!D19 -> 330 | I9: =مستخلص!E19 -> 17820 | J9: =مستخلص!F19 -> 360 | K9: =مستخلص!G19 -> 18770 | L9: =مستخلص!H19 -> 0 | ... Q9: =مستخلص!M19 -> 6757200 | S9: =L9*J9*O9 -> 0 | U9: 2084695.2
E10: =مستخلص!A20 -> 3 - 2 | F10: =مستخلص!B20 -> بالمتر المسطح عمل خرسانه خفيفه لتخليق ميول الاسطح | G10: =مستخلص!C20 -> م2 | H10: =مستخلص!D20 -> 330 | I10: =مستخلص!E20 -> 17820 | J10: =مستخلص!F20 -> 80 | K10: =مستخلص!G20 -> 18145 | L10: =مستخلص!H20 -> 0 | ... Q10: =مستخلص!M20 -> 1451600 | S10: =L10*J10*O10 -> 0 | U10: 421478.4 | W10: 0
E11: =مستخلص!A21 -> 3 - 3 - 1 | F11: =مستخلص!B21 -> بالمتر المكعب خرسانة مسلحة لزوم الأسقف والسلالم والدراوي | G11: =مستخلص!C21 -> م3 | H11: =مستخلص!D21 -> 385 | I11: =مستخلص!E21 -> 20790 | J11: =مستخلص!F21 -> 5700 | K11: =مستخلص!G21 -> 20890 | L11: =مستخلص!H21 -> 0 | ... Q11: =مستخلص!M21 -> 119073000 | S11: =L11*J11*O11 -> 0 | U11: 2932650 | W11: 0
E12: =مستخلص!A22 -> 3 - 3 - 2 | F12: =مستخلص!B22 -> بالمتر المكعب خرسانة مسلحة لزوم الأعمدة | G12: =مستخلص!C22 -> م3 | H12: =مستخلص!D22 -> 121 | I12: =مستخلص!E22 -> 6534 | J12: =مستخلص!F22 -> 8450 | K12: =مستخلص!G22 -> 6476 | L12: =مستخلص!H22 -> 0 | ... Q12: =مستخلص!M22 -> 54722200 | S12: =L12*J12*O12 -> 0 | U12: 1440894 | W12: 0
W13: 0
E14: =مستخلص!A37 -> 4_1 | F14: =مستخلص!B37 -> بالمتر المسطح توريد وعمل طبقه عزل افقيه للرطوبه | G14: =مستخلص!C37 -> م2 | H14: =مستخلص!D37 -> 330 | I14: =مستخلص!E37 -> 17820 | J14: =مستخلص!F37 -> 120 | K14: =مستخلص!G37 -> 18145 | L14: =مستخلص!H37 -> 0 | ... R14: =مستخلص!N37 -> 0 | S14: =L14*J14*O14 -> 0 | U14: 580608 | W14: 0
E15: =مستخلص!A38 -> 4_2 | F15: =مستخلص!B38 -> بالمتر المسطح توريد وعمل طبقه عزل افقيه للحراره | G15: =مستخلص!C38 -> م2 | H15: =مستخلص!D38 -> 330 | I15: =مستخلص!E38 -> 17820 | J15: =مستخلص!F38 -> 90 | K15: =مستخلص!G38 -> 18145 | L15: =مستخلص!H38 -> 0 | ... R15: =مستخلص!N38 -> 0 | S15: =L15*J15*O15 -> 0 | U15: 435456 | W15: 0
E16: =مستخلص!A39 -> 4_3 | F16: =مستخلص!B39 -> بالمتر المسطح توريد وعمل طبقة عازلة افقيه للرطوبه بالحمامات | G16: =مستخلص!C39 -> م2 | H16: =مستخلص!D39 -> 106 | I16: =مستخلص!E39 -> 5724 | J16: =مستخلص!F39 -> 250 | K16: =مستخلص!G39 -> 5724 | L16: =مستخلص!H39 -> 0 | ... R16: =مستخلص!N39 -> 0 | S16: =L16*J16*O16 -> 0 | U16: 166950 | W16: 0
W17: 0
E19: =مستخلص!A44 -> 5-2 | F19: =مستخلص!B44 -> بالمترالمكعب مباني طوب طفلي مثقب مقاس 25*12*6 سم للادوار | G19: =مستخلص!C44 -> م3 | H19: =مستخلص!D44 -> 100 | I19: =مستخلص!E44 -> 5400 | J19: =مستخلص!F44 -> 810 | K19: =مستخلص!G44 -> 5209 | L19: =مستخلص!H44 -> 0 | ... R19: =مستخلص!N44 -> 0 | S19: =L19*J19*O19 -> 0 | U19: 223155
E20: =مستخلص!A45 -> 5-3 | F20: =مستخلص!B45 -> بالمترالمربع مباني طوب طفلي مثقب مقاس 25*12*6 سم للادوار | G20: =مستخلص!C45 -> م2 | H20: =مستخلص!D45 -> 1700 | I20: =مستخلص!E45 -> 91800 | J20: =مستخلص!F45 -> 85 | K20: =مستخلص!G45 -> 90234 | L20: =مستخلص!H45 -> 0 | ... R20: =مستخلص!N45 -> 0 | S20: =L20*J20*O20 -> 0 | U20: 401569.75
E21: =مستخلص!A46 -> 5-3-1 | F21: =مستخلص!B46 -> بالمترالمربع مباني طوب اسمنتي مصمت مقاس 25*12*6 سم حمامات ومطابخ | G21: =مستخلص!C46 -> م2 | H21: =مستخلص!D46 -> 850 | I21: =مستخلص!E46 -> 45900 | J21: =مستخلص!F46 -> 110 | K21: =مستخلص!G46 -> 47088 | L21: =مستخلص!H46 -> 0 | ... R21: =مستخلص!N46 -> 0 | S21: =L21*J21*O21 -> 0 | U21: 244634.5
W22: 0
W23: 0
E24: 6_1 | F24: بالمتر المسطح توريد وعمل بياض تخشين للحوائط الداخلية بسمك 2 سم | G24: م2 | H24: 3850 | I24: 207900 | J24: 50 | K24: 95912 | L24: =مستخلص!H62 -> 0 | M24: 118010 | N24: 5900500 | O24: 0.9 | P24: 590050 | Q24: 5310450 | S24: =L24*J24*O24 -> 0 | U24: 994410 | W24: 0
E25: 6_2 | F25: بالمتر المسطح توريد وعمل بياض تخشين للاسقف بسمك 1.5 سم | G25: م2 | H25: 1590 | I25: 85860 | J25: 40 | K25: 38221 | L25: =مستخلص!H63 -> 0 | M25: 51058 | N25: 2042320 | O25: 0.9 | P25: 204232 | Q25: 1838088 | S25: =L25*J25*O25 -> 0 | U25: 462132 | W25: 0
E26: 6-3 | F26: بالمتر المسطح بياض تخشين لزوم الوجهات | G26: م2 | H26: 2750 | I26: 148500 | J26: 100 | K26: 56833 | L26: =مستخلص!H64 -> 0 | M26: 80769 | N26: 8076900 | O26: 0.7 | P26: 2423070 | Q26: 5653830 | S26: =L26*J26*O26 -> 0 | U26: 1675520 | W26: 0
E27: 6-4 | F27: بالمتر المسطح بياض تخشين لزوم اسقف البلكونات والمناشر | G27: م2 | H27: 130 | I27: 7020 | J27: 85 | K27: 2601 | L27: =مستخلص!H66 -> 0 | M27: 3423 | N27: 290955 | O27: 0.7 | P27: 87286.5 | Q27: 203668.5 | S27: =L27*J27*O27 -> 0 | U27: 48909 | W27: 0
E28: 6-5 | F28: بالمتر المسطح عمل بياض تخشين لزوم حوائط السلالم | G28: م2 | H28: 300 | I28: 16200 | J28: 100 | K28: 6388 | L28: =مستخلص!H68 -> 0 | M28: 7258 | N28: 725800 | O28: 0.7 | P28: 217740 | Q28: 508060 | S28: =L28*J28*O28 -> 0 | U28: 60900 | W28: 0
E29: 6-6 | F29: بالمتر المسطح عمل بياض تخشين لزوم اسقف السلالم | G29: م2 | H29: 125 | I29: 6750 | J29: 85 | K29: 2655 | L29: =مستخلص!H70 -> 0 | M29: 3016 | N29: 256360 | O29: 0.7 | P29: 76908 | Q29: 179452 | S29: =L29*J29*O29 -> 0 | U29: 21479.5 | W29: 0
E30: 6-7 | F30: بالمتر المسطح عمل بياض دراى ميكس لزوم دراوى السطح | G30: م2 | H30: 130 | I30: 7020 | J30: 100 | L30: =مستخلص!H72 -> 0 | O30: 0.7 | S30: =L30*J30*O30 -> 0 | W30: 0
W31: 0
E32: =مستخلص!A88 -> 7-1 | F32: =مستخلص!B88 -> بالمتر الطولي توريد وتركيب ترابيع رخام للمدخل وبسطات السلالم | G32: =مستخلص!C88 -> م2 | H32: =مستخلص!D88 -> 75 | I32: =مستخلص!E88 -> 4050 | J32: =مستخلص!F88 -> 350 | K32: =مستخلص!G88 -> 5062 | L32: =مستخلص!H88 -> 0 | ... R32: =مستخلص!N88 -> 0 | S32: =L32*J32*O32 -> 0 | U32: 365085 | W32: 0
E33: =مستخلص!A89 -> 7-2 | F33: بالمتر الطولي توريد وتركيب كسوه رخام لحوائط المدخل | G33: =مستخلص!C89 -> م2 | H33: 20 | I33: =مستخلص!E89 -> 1080 | J33: 380 | L33: =مستخلص!H89 -> 0 | O33: 0.95 | S33: =L33*J33*O33 -> 0
E34: =مستخلص!A90 -> 7-3 | F34: =مستخلص!B90 -> بالمتر الطولي توريد وتركيب كسوه رخام جلاله لدرج السلم | G34: =مستخلص!C90 -> م.ط | H34: =مستخلص!D90 -> 128 | I34: =مستخلص!E90 -> 6912 | J34: =مستخلص!F90 -> 265 | K34: =مستخلص!G90 -> 6935 | L34: =مستخلص!H90 -> 0 | ... R34: =مستخلص!N90 -> 0 | S34: =L34*J34*O34 -> 0 | U34: 365085 | W34: 0
E35: =مستخلص!A91 -> 7-4 | F35: =مستخلص!B91 -> بالمتر المسطح توريد وتركيب بلاط موزايكو للاسطح | G35: =مستخلص!C91 -> م2 | H35: =مستخلص!D91 -> 325 | I35: =مستخلص!E91 -> 17550 | J35: =مستخلص!F91 -> 145 | K35: =مستخلص!G91 -> 17975 | L35: =مستخلص!H91 -> 0 | ... R35: =مستخلص!N91 -> 0 | S35: =L35*J35*O35 -> 0 | U35: 193847.5 | W35: 0
E36: =مستخلص!A92 -> 7-5 | F36: =مستخلص!B92 -> بالمتر المسطح توريد تركيب بلاط سيراميك لارضيات للغرف والصالات والمداخل والطرقات | G36: =مستخلص!C92 -> م2 | H36: =مستخلص!D92 -> 1460 | I36: =مستخلص!E92 -> 78840 | J36: =مستخلص!F92 -> 175 | K36: =مستخلص!G92 -> 79812 | L36: =مستخلص!H92 -> 0 | ... R36: =مستخلص!N92 -> 0 | S36: =L36*J36*O36 -> 0 | U36: 458432 | W36: 0
E37: =مستخلص!A93 -> 7-6 | F37: =مستخلص!B93 -> بالمتر المسطح توريد وتركيب بلاط سيراميك لارضيات الحمامات والمطابخ | G37: =مستخلص!C93 -> م2 | H37: =مستخلص!D93 -> 235 | I37: =مستخلص!E93 -> 12690 | J37: =مستخلص!F93 -> 160 | K37: =مستخلص!G93 -> 12582 | L37: =مستخلص!H93 -> 0 | ... R37: =مستخلص!N93 -> 0 | S37: =L37*J37*O37 -> 0 | U37: 1710712.5
E38: =مستخلص!A94 -> 7-7 | F38: =مستخلص!B94 -> بالمتر المسطح توريد وتركيب بلاط سيراميك لحوائط الحمامات والمطابخ | G38: =مستخلص!C94 -> م2 | H38: =مستخلص!D94 -> 1100 | I38: =مستخلص!E94 -> 59400 | J38: =مستخلص!F94 -> 170 | K38: =مستخلص!G94 -> 59292 | L38: =مستخلص!H94 -> 0 | ... R38: =مستخلص!N94 -> 0 | S38: =L38*J38*O38 -> 0 | U38: 242592
U39: 1241289
E41: =مستخلص!A109 -> 8-1 | F41: =مستخلص!B109 -> بالمتر المسطح توريد ودهان حوائط واسقف الادوار (سيلر +سكينة اولى +سكينة ثانية ) | G41: =مستخلص!C109 -> م2 | H41: =مستخلص!D109 -> 5195 | I41: =مستخلص!E109 -> 280530 | J41: =مستخلص!F109 -> 20 | K41: =مستخلص!G109 -> 0 | L41: =مستخلص!H109 -> 0 | ... R41: =مستخلص!N109 -> 0 | S41: =L41*J41*O41 -> 0 | W41: 0
E42: =مستخلص!A113 -> 8-2 | F42: =مستخلص!B113 -> بالمتر المسطح توريد ودهان اسقف اسقف االمطابخ والحمامات (سيلر +سكينة اولى +سكينة ثانية ) | G42: =مستخلص!C113 -> م2 | H42: =مستخلص!D113 -> 245 | I42: =مستخلص!E113 -> 13230 | J42: =مستخلص!F113 -> 20 | K42: =مستخلص!G113 -> 0 | L42: =مستخلص!H113 -> 0 | ... R42: =مستخلص!N113 -> 0 | S42: =L42*J42*O42 -> 0 | W42: 0
E43: =مستخلص!A117 -> تاسعا - اعمـــال الفتحات | W43: 0
E44: =مستخلص!A119 -> 9_2 | F44: =مستخلص!B119 -> بالعدد توريد وتركيب باب نموذج ( ب 2 ) (حلوق) | G44: =مستخلص!C119 -> عدد | H44: =مستخلص!D119 -> 24 | I44: =مستخلص!E119 -> 1296 | J44: =مستخلص!F119 -> 3850 | K44: =مستخلص!G119 -> 0 | L44: =مستخلص!H119 -> 0 | ... R44: =مستخلص!N119 -> 0 | S44: =L44*J44*O44 -> 0
F45: =مستخلص!B120 -> بالعدد توريد وتركيب باب نموذج ( ب 2 ) (حلوق + ضلف) | H45: =مستخلص!D120 -> 0 | I45: =مستخلص!E120 -> 0 | J45: 3850 | L45: =مستخلص!H120 -> 0 | O45: 0.7 | S45: =O45*L45*J45 -> 0
E46: =مستخلص!A123 -> 9_3 | F46: =مستخلص!B123 -> بالعدد توريد وتركيب باب نموذج ( ب 3 ) ( حلوق ) | G46: =مستخلص!C123 -> عدد | H46: =مستخلص!D123 -> 72 | I46: =مستخلص!E123 -> 3888 | J46: =مستخلص!F123 -> 2300 | K46: =مستخلص!G123 -> 0 | L46: =مستخلص!H123 -> 0 | ... R46: =مستخلص!N123 -> 0 | S46: =L46*J46*O46 -> 0
F47: =مستخلص!B124 -> بالعدد توريد وتركيب باب نموذج ( ب 3 ) ( حلوق + ضلف ) | H47: =مستخلص!D124 -> 0 | I47: =مستخلص!E124 -> 0 | J47: 2300 | L47: =مستخلص!H124 -> 0 | O47: 0.7 | S47: =O47*L47*J47 -> 0
E48: =مستخلص!A127 -> 9_4 | F48: =مستخلص!B127 -> بالعدد توريد وتركيب باب نموذج ( ب 4 ) ( حلوق ) | G48: =مستخلص!C127 -> عدد | H48: =مستخلص!D127 -> 48 | I48: =مستخلص!E127 -> 2592 | J48: =مستخلص!F127 -> 2750 | K48: =مستخلص!G127 -> 0 | L48: =مستخلص!H127 -> 0 | ... R48: =مستخلص!N127 -> 0 | S48: =L48*J48*O48 -> 0
F49: =مستخلص!B128 -> بالعدد توريد وتركيب باب نموذج ( ب 4 ) ( حلوق + ضلف ) | H49: =مستخلص!D128 -> 0 | I49: =مستخلص!E128 -> 0 | J49: 2750 | L49: =مستخلص!H128 -> 0 | O49: 0.7 | S49: =O49*L49*J49 -> 0
E50: =مستخلص!A150 -> عاشرا -- أعمال الكريتال | W50: 0
E51: =مستخلص!A151 -> 10-1 | F51: =مستخلص!B151 -> بالكجم توريد وتركيب درابزين للسلالم والبلكونات والمناشر | G51: =مستخلص!C151 -> كجم | H51: =مستخلص!D151 -> 2500 | I51: =مستخلص!E151 -> 135000 | J51: =مستخلص!F151 -> 35 | K51: =مستخلص!G151 -> 143100 | L51: =مستخلص!H151 -> 0 | ... R51: =مستخلص!N151 -> 0 | S51: =L51*J51*O51 -> 0 | W51: 0
E52: =مستخلص!A152 -> 10-2 | F52: بالكجم توريد وتركيب الحمايه لشبابيك وابواب الدور الارضي | G52: =مستخلص!C152 -> كجم | H52: =مستخلص!D152 -> 1500 | I52: =مستخلص!E152 -> 81000 | J52: 40 | L52: =مستخلص!H152 -> 0 | O52: 0.85 | S52: =L52*J52*O52 -> 0
E53: =مستخلص!A153 -> 10-3 | F53: =مستخلص!B153 -> بالكجم توريد وتركيب سلم بحاري | G53: =مستخلص!C153 -> كجم | H53: =مستخلص!D153 -> 120 | I53: =مستخلص!E153 -> 6480 | J53: =مستخلص!F153 -> 40 | L53: =مستخلص!H153 -> 0 | O53: =مستخلص!K153 -> 0.99 | S53: =L53*J53*O53 -> 0
E54: =مستخلص!A154 -> الحادي عشر--اعمال متنوعه | W54: 0
E55: =مستخلص!A155 -> 11-1 | F55: =مستخلص!B155 -> بالمتر المسطح توريد وتركيب كسوه من البازلت | G55: =مستخلص!C155 -> م2 | H55: =مستخلص!D155 -> 70 | I55: =مستخلص!E155 -> 3780 | J55: =مستخلص!F155 -> 365 | K55: =مستخلص!G155 -> 3672 | L55: =مستخلص!H155 -> 0 | ... R55: =مستخلص!N155 -> 0 | S55: =L55*J55*O55 -> 0 | W55: 0
W56: 0
W57: 0
E58: =مستخلص!A173 -> 12_1 | F58: =مستخلص!B173 -> بالعدد توريد وتركيب مرحاض افرنجى( تغذية ) | G58: =مستخلص!C173 -> عدد | H58: =مستخلص!D173 -> 24 | I58: =مستخلص!E173 -> 1296 | J58: =مستخلص!F173 -> 2000 | K58: =مستخلص!G173 -> 0 | L58: =مستخلص!H173 -> 0 | ... Q58: =مستخلص!M173 -> 0 | S58: =L58*J58*O58 -> 0 | W58: 0
E59: =مستخلص!A174 -> 0 | F59: =مستخلص!B174 -> بالعدد توريد وتركيب مرحاض افرنجى( تغذية + صرف ) | G59: =مستخلص!C174 -> 0 | H59: =مستخلص!D174 -> 0 | I59: =مستخلص!E174 -> 0 | J59: 2000 | K59: =مستخلص!G174 -> 0 | L59: =مستخلص!H174 -> 0 | M59: =مستخلص!I174 -> 0 | N59: =مستخلص!J174 -> 0 | O59: =مستخلص!K174 -> 0.35 | P59: =مستخلص!L174 -> 0 | Q59: =مستخلص!M174 -> 0 | S59: =L59*J59*O59 -> 0 | W59: 0
E60: =مستخلص!A177 -> 12_2 | F60: =مستخلص!B177 -> بالعدد توريد وتركيب حوض غسيل ايدى ( تغذية ) | G60: =مستخلص!C177 -> عدد | H60: =مستخلص!D177 -> 24 | I60: =مستخلص!E177 -> 1296 | J60: =مستخلص!F177 -> 1500 | K60: =مستخلص!G177 -> 0 | L60: =مستخلص!H177 -> 0 | ... Q60: =مستخلص!M177 -> 0 | S60: =L60*J60*O60 -> 0 | W60: 0
E61: =مستخلص!A178 -> 0 | F61: =مستخلص!B178 -> بالعدد توريد وتركيب حوض غسيل ايدى ( تغذية + صرف ) | G61: =مستخلص!C178 -> 0 | H61: =مستخلص!D178 -> 0 | I61: =مستخلص!E178 -> 0 | J61: 1500 | K61: =مستخلص!G178 -> 0 | L61: =مستخلص!H178 -> 0 | M61: =مستخلص!I178 -> 0 | N61: =مستخلص!J178 -> 0 | O61: =مستخلص!K178 -> 0.35 | P61: =مستخلص!L178 -> 0 | Q61: =مستخلص!M178 -> 0 | S61: =L61*J61*O61 -> 0 | W61: 0
E62: =مستخلص!A181 -> 12_3 | F62: =مستخلص!B181 -> بالعدد توريد وتركيب حوض قدم اكريلك ( تغذية ) | G62: =مستخلص!C181 -> عدد | H62: =مستخلص!D181 -> 24 | I62: =مستخلص!E181 -> 1296 | J62: =مستخلص!F181 -> 1700 | K62: =مستخلص!G181 -> 0 | L62: =مستخلص!H181 -> 0 | ... Q62: =مستخلص!M181 -> 0 | S62: =L62*J62*O62 -> 0 | W62: 0
E63: =مستخلص!A182 -> 0 | F63: =مستخلص!B182 -> بالعدد توريد وتركيب حوض قدم اكريلك ( تغذية + صرف ) | G63: =مستخلص!C182 -> 0 | H63: =مستخلص!D182 -> 0 | I63: =مستخلص!E182 -> 0 | J63: 1700 | K63: =مستخلص!G182 -> 0 | L63: =مستخلص!H182 -> 0 | M63: =مستخلص!I182 -> 0 | N63: =مستخلص!J182 -> 0 | O63: =مستخلص!K182 -> 0.35 | P63: =مستخلص!L182 -> 0 | Q63: =مستخلص!M182 -> 0 | S63: =L63*J63*O63 -> 0 | W63: 0
E64: =مستخلص!A183 -> 0 | F64: =مستخلص!B183 -> بالعدد توريد وتركيب حوض قدم اكريلك ( تغذية + صرف+تركيب جهاز ) | G64: =مستخلص!C183 -> 0 | H64: =مستخلص!D183 -> 0 | I64: =مستخلص!E183 -> 0 | J64: 1701 | K64: =مستخلص!G183 -> 48 | L64: =مستخلص!H183 -> 0 | M64: =مستخلص!I183 -> 48 | N64: =مستخلص!J183 -> 81600 | O64: =مستخلص!K183 -> 0.75 | P64: =مستخلص!L183 -> 20400 | Q64: =مستخلص!M183 -> 61200 | S64: =L64*J64*O64 -> 0
E65: =مستخلص!A185 -> 12_4 | F65: =مستخلص!B185 -> بالعدد توريد وتركيب حوض مطبخ ( تغذية ) | G65: =مستخلص!C185 -> عدد | H65: =مستخلص!D185 -> 24 | I65: =مستخلص!E185 -> 1296 | J65: =مستخلص!F185 -> 1400 | K65: =مستخلص!G185 -> 0 | L65: =مستخلص!H185 -> 0 | ... Q65: =مستخلص!M185 -> 0 | S65: =L65*J65*O65 -> 0 | W65: 0
E66: =مستخلص!A186 -> 0 | F66: =مستخلص!B186 -> بالعدد توريد وتركيب حوض مطبخ ( تغذية + صرف ) | G66: =مستخلص!C186 -> 0 | H66: =مستخلص!D186 -> 0 | I66: =مستخلص!E186 -> 0 | J66: 1400 | K66: =مستخلص!G186 -> 0 | L66: =مستخلص!H186 -> 0 | M66: =مستخلص!I186 -> 0 | N66: =مستخلص!J186 -> 0 | O66: =مستخلص!K186 -> 0.35 | P66: =مستخلص!L186 -> 0 | Q66: =مستخلص!M186 -> 0 | S66: =L66*J66*O66 -> 0 | W66: 0
E67: =مستخلص!A189 -> 12-5 | F67: =مستخلص!B189 -> توريد وتركيب سيفون من البلاستيك | G67: =مستخلص!C189 -> عدد | H67: =مستخلص!D189 -> 24 | I67: =مستخلص!E189 -> 1296 | J67: =مستخلص!F189 -> 325 | K67: =مستخلص!G189 -> 1248 | L67: =مستخلص!H189 -> 0 | ... Q67: =مستخلص!M189 -> 385320 | S67: =L67*J67*O67 -> 0
E68: =مستخلص!A191 -> 12-7 | F68: =مستخلص!B191 -> أ - توريد وتركيب مواسيير UPVC قطر 110 مم | G68: =مستخلص!C191 -> م.ط | H68: =مستخلص!D191 -> 85 | I68: =مستخلص!E191 -> 4590 | J68: =مستخلص!F191 -> 260 | K68: =مستخلص!G191 -> 4606 | L68: =مستخلص!H191 -> 0 | ... Q68: =مستخلص!M191 -> 1161633.2 | S68: =L68*J68*O68 -> 0
E69: =مستخلص!A192 -> 12-7 | F69: =مستخلص!B192 -> ب- توريد وتركيب مواسيير UPVC قطر 85 مم | G69: =مستخلص!C192 -> م.ط | H69: =مستخلص!D192 -> 165 | I69: =مستخلص!E192 -> 8910 | J69: =مستخلص!F192 -> 160 | K69: =مستخلص!G192 -> 9018 | L69: =مستخلص!H192 -> 0 | ... Q69: =مستخلص!M192 -> 1399593.6 | S69: =L69*J69*O69 -> 0
E70: =مستخلص!A193 -> 12-7 | F70: =مستخلص!B193 -> ج- توريد وتركيب مواسيير UPVC قطر 60 مم | G70: =مستخلص!C193 -> م.ط | H70: =مستخلص!D193 -> 65 | I70: =مستخلص!E193 -> 3510 | J70: =مستخلص!F193 -> 145 | K70: =مستخلص!G193 -> 3515 | L70: =مستخلص!H193 -> 0 | ... Q70: =مستخلص!M193 -> 494384.75 | S70: =L70*J70*O70 -> 0
E71: =مستخلص!A194 -> 12-8 | F71: =مستخلص!B194 -> توريد وتركيب جريجوري من البلاستيك | G71: =مستخلص!C194 -> عدد | H71: =مستخلص!D194 -> 4 | I71: =مستخلص!E194 -> 216 | J71: =مستخلص!F194 -> 235 | K71: =مستخلص!G194 -> 216 | L71: =مستخلص!H194 -> 0 | ... R71: =مستخلص!N194 -> 0 | S71: =L71*J71*O71 -> 0
E73: اجمالى الجارى | S73: =SUM(S9:S72) -> 0
E74: اجمالى الجارى بعد خصم التعاقد 3% | S74: =S73*0.97 -> 0
W75: 0
W83: 0
W84: 0
W85: 0
W86: 0
W87: 0
W88: 0
W89: 0
W90: 0
W91: 0
W92: 0
W93: 0
... W132: 24070.725
